L,S,W,k,eps,tp_atr,sl_atr,n_trades,n_win,n_loss,win_rate,avg_return,total_return,cum_return,profit_factor,avg_win,avg_loss,max_drawdown,avg_holding_bars,best_return,worst_return,exit_counts,tickers_hit
5,3,5,3,0.05,4.0,2.0,157,79,78,0.5032,2.3715,372.329,1735.0121,1.6923,11.521,-6.8952,-77.2775,19.68,28.1396,-19.6788,"{'tp': 74, 'sl': 77, 'end': 6}",85
7,5,5,5,0.05,4.0,2.0,236,105,131,0.4449,1.7587,415.0433,1665.4991,1.4565,12.611,-6.9398,-65.2496,19.75,30.271,-17.3569,"{'tp': 100, 'sl': 128, 'end': 8}",91
7,5,7,5,0.05,4.0,2.0,236,105,131,0.4449,1.7587,415.0433,1665.4991,1.4565,12.611,-6.9398,-65.2496,19.75,30.271,-17.3569,"{'tp': 100, 'sl': 128, 'end': 8}",91
7,5,10,5,0.05,4.0,2.0,236,105,131,0.4449,1.7587,415.0433,1665.4991,1.4565,12.611,-6.9398,-65.2496,19.75,30.271,-17.3569,"{'tp': 100, 'sl': 128, 'end': 8}",91
5,3,7,3,0.05,4.0,2.0,158,79,79,0.5,2.3147,365.7183,1613.705,1.6717,11.521,-6.8916,-77.2775,19.63,28.1396,-19.6788,"{'tp': 74, 'sl': 78, 'end': 6}",85
5,3,10,3,0.05,4.0,2.0,158,79,79,0.5,2.3147,365.7183,1613.705,1.6717,11.521,-6.8916,-77.2775,19.63,28.1396,-19.6788,"{'tp': 74, 'sl': 78, 'end': 6}",85
7,5,5,5,0.05,3.0,2.0,241,123,118,0.5104,1.4223,342.7831,1076.1915,1.4137,9.5227,-7.0212,-69.1813,14.71,22.6782,-17.3569,"{'tp': 120, 'sl': 115, 'end': 6}",91
7,5,7,5,0.05,3.0,2.0,241,123,118,0.5104,1.4223,342.7831,1076.1915,1.4137,9.5227,-7.0212,-69.1813,14.71,22.6782,-17.3569,"{'tp': 120, 'sl': 115, 'end': 6}",91
7,5,10,5,0.05,3.0,2.0,241,123,118,0.5104,1.4223,342.7831,1076.1915,1.4137,9.5227,-7.0212,-69.1813,14.71,22.6782,-17.3569,"{'tp': 120, 'sl': 115, 'end': 6}",91
7,5,5,5,0.0,4.0,2.0,198,88,110,0.4444,1.7781,352.0619,1052.6667,1.4623,12.6549,-6.9234,-59.4009,20.42,30.271,-17.3569,"{'sl': 107, 'tp': 86, 'end': 5}",88
7,5,7,5,0.0,4.0,2.0,198,88,110,0.4444,1.7781,352.0619,1052.6667,1.4623,12.6549,-6.9234,-59.4009,20.42,30.271,-17.3569,"{'sl': 107, 'tp': 86, 'end': 5}",88
7,5,10,5,0.0,4.0,2.0,198,88,110,0.4444,1.7781,352.0619,1052.6667,1.4623,12.6549,-6.9234,-59.4009,20.42,30.271,-17.3569,"{'sl': 107, 'tp': 86, 'end': 5}",88
5,3,5,3,0.05,3.0,2.0,159,88,71,0.5535,1.7686,281.2101,809.9766,1.5728,8.7742,-6.9144,-69.8111,14.64,22.9036,-19.6788,"{'tp': 83, 'sl': 70, 'end': 6}",85
5,3,7,3,0.05,3.0,2.0,160,88,72,0.55,1.7162,274.5994,749.8208,1.5519,8.7742,-6.9102,-69.8111,14.62,22.9036,-19.6788,"{'tp': 83, 'sl': 71, 'end': 6}",85
5,3,10,3,0.05,3.0,2.0,160,88,72,0.55,1.7162,274.5994,749.8208,1.5519,8.7742,-6.9102,-69.8111,14.62,22.9036,-19.6788,"{'tp': 83, 'sl': 71, 'end': 6}",85
10,5,7,5,0.05,3.0,2.0,86,51,35,0.593,2.7626,237.5795,710.6678,2.1515,8.704,-5.895,-23.4059,13.67,17.6674,-14.0363,"{'tp': 50, 'sl': 34, 'end': 2}",58
10,5,5,5,0.05,3.0,2.0,85,50,35,0.5882,2.7154,230.8057,659.2385,2.1187,8.7426,-5.895,-23.4059,13.75,17.6674,-14.0363,"{'tp': 49, 'sl': 34, 'end': 2}",58
10,5,10,5,0.05,3.0,2.0,90,52,38,0.5778,2.5205,226.8406,622.8014,2.0145,8.6623,-5.8841,-23.4059,13.42,17.6674,-14.0363,"{'tp': 51, 'sl': 37, 'end': 2}",59
5,3,5,3,0.0,4.0,2.0,98,47,51,0.4796,2.5423,249.1439,576.3643,1.6891,12.9937,-7.0894,-62.0104,19.97,28.1396,-19.6788,"{'sl': 50, 'tp': 44, 'end': 4}",65
7,5,10,3,0.05,3.0,2.0,110,57,53,0.5182,2.1173,232.9062,572.7738,1.7141,9.8078,-6.1536,-35.7115,15.73,22.7963,-14.3329,"{'tp': 57, 'sl': 53}",64
5,3,7,3,0.0,4.0,2.0,99,47,52,0.4747,2.4498,242.5332,531.6519,1.6587,12.9937,-7.0802,-64.5218,19.89,28.1396,-19.6788,"{'sl': 51, 'tp': 44, 'end': 4}",65
5,3,10,3,0.0,4.0,2.0,99,47,52,0.4747,2.4498,242.5332,531.6519,1.6587,12.9937,-7.0802,-64.5218,19.89,28.1396,-19.6788,"{'sl': 51, 'tp': 44, 'end': 4}",65
7,5,5,3,0.05,3.0,2.0,106,55,51,0.5189,2.1139,224.0707,524.5611,1.7116,9.7995,-6.1746,-35.7115,16.04,22.7963,-14.3329,"{'tp': 55, 'sl': 51}",62
10,3,7,5,0.05,4.0,2.0,90,43,47,0.4778,2.4794,223.148,519.1959,1.7965,11.7048,-5.9608,-34.4513,20.22,21.8246,-12.4215,"{'sl': 47, 'tp': 42, 'end': 1}",61
7,5,7,3,0.05,3.0,2.0,108,56,52,0.5185,2.0683,223.3761,517.1257,1.6931,9.7442,-6.1981,-35.7115,15.86,22.7963,-14.3329,"{'tp': 56, 'sl': 52}",62
10,5,5,5,0.05,4.0,2.0,84,40,44,0.4762,2.5678,215.6917,488.145,1.8373,11.8324,-5.8547,-37.638,19.08,23.5899,-14.0363,"{'tp': 38, 'sl': 43, 'end': 3}",58
10,3,10,5,0.05,4.0,2.0,98,45,53,0.4592,2.2257,218.1223,467.0208,1.6911,11.8606,-5.9548,-36.6249,19.62,22.906,-12.4215,"{'sl': 53, 'tp': 44, 'end': 1}",67
10,5,7,5,0.05,4.0,2.0,85,40,45,0.4706,2.4825,211.0091,460.6045,1.8045,11.8324,-5.8286,-37.638,19.06,23.5899,-14.0363,"{'tp': 38, 'sl': 44, 'end': 3}",58
5,3,5,3,0.0,3.0,2.0,100,54,46,0.54,2.1526,215.2649,456.5064,1.6684,9.9501,-7.0009,-57.2076,14.11,22.9036,-19.6788,"{'sl': 45, 'tp': 51, 'end': 4}",65
10,3,7,5,0.05,3.0,2.0,90,51,39,0.5667,2.2031,198.2832,444.6545,1.8308,8.5675,-6.1194,-33.7616,15.23,16.3435,-12.4215,"{'sl': 39, 'tp': 50, 'end': 1}",61
10,5,10,5,0.05,4.0,2.0,88,41,47,0.4659,2.3642,208.0527,440.3192,1.7593,11.7572,-5.8296,-37.638,18.76,23.5899,-14.0363,"{'tp': 39, 'sl': 46, 'end': 3}",59
5,3,7,3,0.0,3.0,2.0,101,54,47,0.5347,2.0659,208.6542,419.7174,1.6349,9.9501,-6.9926,-60.0365,14.09,22.9036,-19.6788,"{'sl': 46, 'tp': 51, 'end': 4}",65
5,3,10,3,0.0,3.0,2.0,101,54,47,0.5347,2.0659,208.6542,419.7174,1.6349,9.9501,-6.9926,-60.0365,14.09,22.9036,-19.6788,"{'sl': 46, 'tp': 51, 'end': 4}",65
10,3,7,3,0.05,4.0,2.0,65,34,31,0.5231,2.8522,185.3908,371.9112,1.9617,11.1224,-6.2184,-28.5622,16.82,28.1396,-11.7953,"{'tp': 32, 'sl': 31, 'end': 2}",49
10,3,10,5,0.05,3.0,2.0,98,53,45,0.5408,1.8939,185.6015,366.9992,1.6771,8.6737,-6.0913,-35.8192,15.0,17.1545,-12.4215,"{'sl': 45, 'tp': 52, 'end': 1}",67
10,3,5,5,0.05,4.0,2.0,84,39,45,0.4643,2.2374,187.9403,354.0076,1.7108,11.5988,-5.8759,-44.382,20.26,21.8246,-12.4215,"{'sl': 45, 'tp': 38, 'end': 1}",57
10,3,5,5,0.05,3.0,2.0,84,47,37,0.5595,2.0942,175.913,347.2964,1.7891,8.4857,-6.0247,-41.5715,14.99,16.3435,-12.4215,"{'sl': 37, 'tp': 46, 'end': 1}",57
10,3,5,3,0.05,4.0,2.0,50,28,22,0.56,3.4396,171.9786,343.3397,2.3003,10.8657,-6.0118,-25.1788,19.12,28.1396,-10.4494,"{'tp': 26, 'sl': 22, 'end': 2}",38
10,3,5,3,0.05,3.0,2.0,50,32,18,0.64,3.264,163.2004,331.2628,2.4628,8.5865,-6.1982,-17.1493,14.76,21.0797,-10.4494,"{'tp': 31, 'sl': 18, 'end': 1}",38
7,3,10,5,0.05,3.0,2.0,239,112,127,0.4686,0.9464,226.1897,325.7772,1.2878,9.036,-6.1877,-61.8887,14.97,22.7963,-17.4699,"{'sl': 122, 'tp': 108, 'end': 9}",90
7,3,7,5,0.05,3.0,2.0,238,111,127,0.4664,0.9222,219.4864,299.0291,1.2793,9.057,-6.1877,-61.8887,15.0,22.7963,-17.4699,"{'sl': 122, 'tp': 107, 'end': 9}",90
10,3,7,3,0.05,3.0,2.0,65,38,27,0.5846,2.4305,157.9818,288.7939,1.9181,8.6858,-6.3733,-17.9934,13.32,21.0797,-11.7953,"{'tp': 37, 'sl': 27, 'end': 1}",49
5,3,5,5,0.05,4.0,2.0,286,120,166,0.4196,0.9458,270.5027,287.8419,1.2396,11.6607,-6.7999,-79.9323,19.23,24.6156,-17.4699,"{'sl': 161, 'tp': 112, 'end': 13}",93
5,3,7,5,0.05,4.0,2.0,286,120,166,0.4196,0.9458,270.5027,287.8419,1.2396,11.6607,-6.7999,-79.9323,19.23,24.6156,-17.4699,"{'sl': 161, 'tp': 112, 'end': 13}",93
5,3,10,5,0.05,4.0,2.0,286,120,166,0.4196,0.9458,270.5027,287.8419,1.2396,11.6607,-6.7999,-79.9323,19.23,24.6156,-17.4699,"{'sl': 161, 'tp': 112, 'end': 13}",93
7,3,5,5,0.05,3.0,2.0,234,108,126,0.4615,0.9046,211.6784,271.601,1.2719,9.1697,-6.1798,-63.3265,14.95,22.7963,-17.4699,"{'sl': 121, 'tp': 104, 'end': 9}",90
7,5,5,5,0.0,3.0,2.0,202,98,104,0.4851,1.0419,210.4645,270.7865,1.2911,9.5249,-6.9517,-60.8158,15.85,22.6782,-17.3569,"{'sl': 101, 'tp': 96, 'end': 5}",88
7,5,7,5,0.0,3.0,2.0,202,98,104,0.4851,1.0419,210.4645,270.7865,1.2911,9.5249,-6.9517,-60.8158,15.85,22.6782,-17.3569,"{'sl': 101, 'tp': 96, 'end': 5}",88
7,5,10,5,0.0,3.0,2.0,202,98,104,0.4851,1.0419,210.4645,270.7865,1.2911,9.5249,-6.9517,-60.8158,15.85,22.6782,-17.3569,"{'sl': 101, 'tp': 96, 'end': 5}",88
10,3,10,3,0.05,4.0,2.0,69,34,35,0.4928,2.3474,161.9726,270.1995,1.7492,11.1224,-6.1768,-30.3035,17.41,28.1396,-11.7953,"{'tp': 32, 'sl': 35, 'end': 2}",50
7,3,7,5,0.05,3.0,1.0,243,77,166,0.3169,0.7181,174.4868,260.6896,1.3244,9.2522,-3.2406,-28.932,8.2,20.1288,-8.7849,"{'sl': 165, 'tp': 75, 'end': 3}",90
7,3,10,5,0.05,4.0,2.0,233,94,139,0.4034,0.9901,230.7049,253.1719,1.2633,11.775,-6.3032,-69.5451,19.37,30.4284,-17.4699,"{'sl': 134, 'tp': 89, 'end': 10}",90
7,3,10,5,0.05,3.0,1.0,244,77,167,0.3156,0.7054,172.119,252.1492,1.3186,9.2522,-3.2353,-28.932,8.17,20.1288,-8.7849,"{'sl': 166, 'tp': 75, 'end': 3}",90
7,5,10,3,0.05,4.0,2.0,110,45,65,0.4091,1.65,181.5038,248.5377,1.4457,13.0828,-6.265,-37.4703,21.5,30.4284,-14.3329,"{'tp': 45, 'sl': 65}",64
7,5,10,3,0.0,3.0,2.0,56,31,25,0.5536,2.658,148.8465,244.5545,1.8762,10.2815,-6.7952,-22.7703,13.68,22.7963,-14.3329,"{'tp': 31, 'sl': 25}",41
5,3,5,3,0.05,3.0,1.0,163,55,108,0.3374,0.9623,156.8482,240.5131,1.4364,9.386,-3.3276,-56.3049,6.91,22.9036,-9.8894,"{'tp': 52, 'sl': 108, 'end': 3}",85
7,3,5,5,0.05,3.0,1.0,239,75,164,0.3138,0.7016,167.6809,238.4353,1.3146,9.3431,-3.2503,-28.932,8.19,20.1288,-8.7849,"{'sl': 163, 'tp': 73, 'end': 3}",90
5,3,7,3,0.05,3.0,1.0,164,55,109,0.3354,0.9359,153.4929,229.0878,1.4232,9.386,-3.3279,-56.3049,6.9,22.9036,-9.8894,"{'tp': 52, 'sl': 109, 'end': 3}",85
5,3,10,3,0.05,3.0,1.0,164,55,109,0.3354,0.9359,153.4929,229.0878,1.4232,9.386,-3.3279,-56.3049,6.9,22.9036,-9.8894,"{'tp': 52, 'sl': 109, 'end': 3}",85
7,3,7,5,0.05,4.0,2.0,232,93,139,0.4009,0.9557,221.7338,224.0969,1.2531,11.8051,-6.3032,-69.5451,19.41,30.4284,-17.4699,"{'sl': 134, 'tp': 88, 'end': 10}",90
5,3,5,3,0.0,2.0,1.0,100,48,52,0.48,1.3113,131.128,214.0905,1.6931,6.6732,-3.6382,-35.9407,5.57,17.9525,-9.8894,"{'sl': 52, 'tp': 47, 'end': 1}",65
7,5,5,3,0.0,3.0,2.0,53,29,24,0.5472,2.5968,137.6305,211.8466,1.8471,10.3487,-6.7701,-22.7703,14.09,22.7963,-14.3329,"{'tp': 29, 'sl': 24}",38
7,5,7,3,0.05,4.0,2.0,108,44,64,0.4074,1.5508,167.4849,207.5318,1.4152,12.9743,-6.3029,-34.9758,21.7,30.4284,-14.3329,"{'tp': 44, 'sl': 64}",62
10,3,10,3,0.05,3.0,2.0,69,38,31,0.5507,1.9502,134.5636,204.9966,1.6883,8.6858,-6.3063,-24.3337,14.12,21.0797,-11.7953,"{'tp': 37, 'sl': 31, 'end': 1}",50
7,5,5,3,0.05,4.0,2.0,106,43,63,0.4057,1.5652,165.9117,204.7599,1.419,13.0674,-6.2855,-34.9758,21.99,30.4284,-14.3329,"{'tp': 43, 'sl': 63}",62
7,5,7,3,0.0,3.0,2.0,55,30,25,0.5455,2.4633,135.48,203.9297,1.7975,10.1787,-6.7952,-22.7703,13.75,22.7963,-14.3329,"{'tp': 30, 'sl': 25}",40
5,3,7,3,0.0,2.0,1.0,101,48,53,0.4752,1.2651,127.7727,203.5518,1.6636,6.6732,-3.6328,-35.9407,5.57,17.9525,-9.8894,"{'sl': 53, 'tp': 47, 'end': 1}",65
5,3,10,3,0.0,2.0,1.0,101,48,53,0.4752,1.2651,127.7727,203.5518,1.6636,6.6732,-3.6328,-35.9407,5.57,17.9525,-9.8894,"{'sl': 53, 'tp': 47, 'end': 1}",65
7,3,5,5,0.05,4.0,2.0,229,91,138,0.3974,0.9331,213.6849,201.711,1.2459,11.8971,-6.2968,-67.1867,19.31,30.4284,-17.4699,"{'sl': 133, 'tp': 86, 'end': 10}",90
10,5,7,5,0.05,3.0,1.0,89,36,53,0.4045,1.4237,126.7109,201.7053,1.7531,8.1934,-3.1745,-18.5463,8.75,17.6674,-7.0681,"{'sl': 53, 'tp': 35, 'end': 1}",58
10,2,10,5,0.0,3.0,1.0,86,32,54,0.3721,1.4907,128.2005,197.9493,1.7173,9.5917,-3.3099,-30.0882,7.17,21.0797,-6.6125,"{'sl': 54, 'tp': 32}",58
10,5,10,5,0.05,3.0,1.0,93,37,56,0.3978,1.3383,124.4586,193.9888,1.703,8.1485,-3.1614,-19.7064,8.68,17.6674,-7.0681,"{'sl': 56, 'tp': 36, 'end': 1}",59
10,5,5,5,0.05,3.0,1.0,88,35,53,0.3977,1.3629,119.9371,182.5649,1.7128,8.2339,-3.1745,-18.5463,8.77,17.6674,-7.0681,"{'sl': 53, 'tp': 34, 'end': 1}",58
10,2,7,5,0.0,3.0,1.0,83,31,52,0.3735,1.465,121.5955,180.7675,1.6992,9.5326,-3.3446,-30.0882,7.23,21.0797,-6.6125,"{'sl': 52, 'tp': 31}",57
5,3,5,5,0.05,3.0,2.0,296,140,156,0.473,0.6938,205.368,169.6515,1.1963,8.9393,-6.706,-82.0435,15.16,22.4541,-17.4699,"{'sl': 151, 'tp': 134, 'end': 11}",93
5,3,7,5,0.05,3.0,2.0,296,140,156,0.473,0.6938,205.368,169.6515,1.1963,8.9393,-6.706,-82.0435,15.16,22.4541,-17.4699,"{'sl': 151, 'tp': 134, 'end': 11}",93
5,3,10,5,0.05,3.0,2.0,296,140,156,0.473,0.6938,205.368,169.6515,1.1963,8.9393,-6.706,-82.0435,15.16,22.4541,-17.4699,"{'sl': 151, 'tp': 134, 'end': 11}",93
5,3,5,3,0.0,3.0,1.0,100,35,65,0.35,1.2304,123.0448,167.7949,1.5337,10.1027,-3.5469,-36.0336,7.34,22.9036,-9.8894,"{'sl': 65, 'tp': 32, 'end': 3}",65
10,2,5,5,0.0,3.0,1.0,74,28,46,0.3784,1.5145,112.0717,161.3766,1.741,9.4043,-3.288,-28.2742,7.18,21.0797,-6.6125,"{'sl': 46, 'tp': 28}",54
5,3,7,3,0.0,3.0,1.0,101,35,66,0.3465,1.185,119.6895,158.8095,1.5117,10.1027,-3.544,-36.0336,7.33,22.9036,-9.8894,"{'sl': 66, 'tp': 32, 'end': 3}",65
5,3,10,3,0.0,3.0,1.0,101,35,66,0.3465,1.185,119.6895,158.8095,1.5117,10.1027,-3.544,-36.0336,7.33,22.9036,-9.8894,"{'sl': 66, 'tp': 32, 'end': 3}",65
7,5,10,3,0.0,3.0,1.0,56,23,33,0.4107,1.9477,109.07,157.9258,1.9254,9.8664,-3.5714,-29.6017,8.68,17.8924,-7.7321,"{'tp': 23, 'sl': 33}",41
10,3,7,5,0.05,3.0,1.0,93,33,60,0.3548,1.1527,107.1993,146.8005,1.5822,8.8282,-3.0688,-35.2824,7.57,16.3435,-6.2608,"{'sl': 60, 'tp': 33}",61
5,3,5,3,0.05,2.0,1.0,163,70,93,0.4294,0.6874,112.054,145.5811,1.3533,6.1315,-3.4102,-57.6653,5.37,17.9525,-9.8894,"{'tp': 69, 'sl': 93, 'end': 1}",85
7,3,5,3,0.05,4.0,2.0,64,30,34,0.4688,1.793,114.7535,145.376,1.6005,10.1955,-5.6209,-46.0877,17.0,30.4284,-11.3348,"{'sl': 33, 'tp': 28, 'end': 3}",46
5,3,7,3,0.05,2.0,1.0,164,70,94,0.4268,0.6628,108.6987,137.3411,1.3391,6.1315,-3.4097,-57.6653,5.38,17.9525,-9.8894,"{'tp': 69, 'sl': 94, 'end': 1}",85
5,3,10,3,0.05,2.0,1.0,164,70,94,0.4268,0.6628,108.6987,137.3411,1.3391,6.1315,-3.4097,-57.6653,5.38,17.9525,-9.8894,"{'tp': 69, 'sl': 94, 'end': 1}",85
10,3,10,5,0.05,3.0,1.0,101,34,67,0.3366,1.0329,104.3246,135.8802,1.511,9.0731,-3.0472,-37.1175,7.48,17.1545,-6.2608,"{'sl': 67, 'tp': 34}",67
7,2,5,3,0.05,4.0,2.0,101,43,58,0.4257,1.3404,135.3769,129.786,1.3295,12.7025,-7.0833,-59.8539,20.73,23.8898,-14.3329,"{'sl': 58, 'tp': 42, 'end': 1}",63
7,5,7,3,0.0,3.0,1.0,55,22,33,0.4,1.7401,95.7035,127.515,1.812,9.7073,-3.5714,-29.6017,8.65,17.8924,-7.7321,"{'tp': 22, 'sl': 33}",40
7,5,5,3,0.0,3.0,1.0,53,21,32,0.3962,1.7775,94.205,124.5914,1.8256,9.9196,-3.5659,-29.6017,8.87,17.8924,-7.7321,"{'tp': 21, 'sl': 32}",38
10,3,10,3,0.0,4.0,2.0,47,21,26,0.4468,2.1742,102.1891,119.8576,1.6275,12.6216,-6.264,-44.1149,15.62,28.1396,-11.7953,"{'tp': 21, 'sl': 26}",36
10,3,5,3,0.0,4.0,2.0,30,15,15,0.5,3.0983,92.9488,117.2222,2.0145,12.3048,-6.1082,-31.7878,19.57,28.1396,-10.4494,"{'tp': 15, 'sl': 15}",25
7,2,10,3,0.05,4.0,2.0,110,46,64,0.4182,1.2098,133.0833,116.0335,1.2956,12.6814,-7.0353,-66.0332,20.44,23.8898,-14.3329,"{'sl': 64, 'tp': 45, 'end': 1}",65
10,2,10,5,0.0,2.0,1.0,86,39,47,0.4535,1.0086,86.7397,112.7021,1.5511,6.2598,-3.3488,-29.1973,5.37,14.0198,-6.6125,"{'sl': 47, 'tp': 39}",58
7,2,5,3,0.05,3.0,2.0,101,50,51,0.495,1.1332,114.4543,112.169,1.3134,9.5938,-7.1615,-67.1768,15.66,17.8924,-14.3329,"{'sl': 51, 'tp': 50}",63
5,3,5,5,0.0,4.0,2.0,242,99,143,0.4091,0.7853,190.0453,111.9907,1.1959,11.7195,-6.7845,-84.4963,17.75,24.6156,-17.4699,"{'sl': 139, 'tp': 90, 'end': 13}",95
5,3,7,5,0.0,4.0,2.0,242,99,143,0.4091,0.7853,190.0453,111.9907,1.1959,11.7195,-6.7845,-84.4963,17.75,24.6156,-17.4699,"{'sl': 139, 'tp': 90, 'end': 13}",95
5,3,10,5,0.0,4.0,2.0,242,99,143,0.4091,0.7853,190.0453,111.9907,1.1959,11.7195,-6.7845,-84.4963,17.75,24.6156,-17.4699,"{'sl': 139, 'tp': 90, 'end': 13}",95
7,3,5,5,0.0,3.0,1.0,163,50,113,0.3067,0.6537,106.558,110.4095,1.2848,9.6135,-3.3107,-35.7814,7.57,20.055,-8.7849,"{'sl': 112, 'tp': 48, 'end': 3}",78
7,3,7,5,0.0,3.0,1.0,163,50,113,0.3067,0.6537,106.558,110.4095,1.2848,9.6135,-3.3107,-35.7814,7.57,20.055,-8.7849,"{'sl': 112, 'tp': 48, 'end': 3}",78
7,3,10,5,0.0,3.0,1.0,163,50,113,0.3067,0.6537,106.558,110.4095,1.2848,9.6135,-3.3107,-35.7814,7.57,20.055,-8.7849,"{'sl': 112, 'tp': 48, 'end': 3}",78
7,2,7,3,0.05,4.0,2.0,108,45,63,0.4167,1.1949,129.0451,108.253,1.2891,12.7882,-7.0861,-66.0332,20.69,23.8898,-14.3329,"{'sl': 63, 'tp': 44, 'end': 1}",65
10,2,7,5,0.0,2.0,1.0,83,38,45,0.4578,1.0117,83.975,107.5912,1.5504,6.2251,-3.3906,-30.3119,5.4,14.0198,-6.6125,"{'sl': 45, 'tp': 38}",57
10,3,7,3,0.0,4.0,2.0,44,20,24,0.4545,2.1423,94.2609,107.3793,1.6232,12.2759,-6.3024,-44.31,16.25,28.1396,-11.7953,"{'tp': 20, 'sl': 24}",36
10,3,5,3,0.0,3.0,2.0,30,18,12,0.6,2.7751,83.2518,106.8091,2.0869,8.8803,-6.3828,-20.2781,14.5,21.0797,-10.4494,"{'tp': 18, 'sl': 12}",25
10,2,7,5,0.05,3.0,1.0,114,37,77,0.3246,0.8108,92.4304,105.731,1.3869,8.9557,-3.103,-36.3394,6.8,21.0797,-6.6125,"{'tp': 37, 'sl': 77}",64
10,2,10,5,0.05,3.0,1.0,119,38,81,0.3193,0.7811,92.9558,105.1735,1.3721,9.0205,-3.0843,-37.5924,6.72,21.0797,-6.6125,"{'tp': 38, 'sl': 81}",65
10,3,5,5,0.05,3.0,1.0,87,30,57,0.3448,0.99,86.1293,103.9504,1.4956,8.664,-3.049,-37.724,7.41,16.3435,-6.2608,"{'sl': 57, 'tp': 30}",57
7,3,5,3,0.05,3.0,2.0,64,33,31,0.5156,1.4011,89.6724,103.0154,1.507,8.0766,-5.7051,-38.3357,14.5,22.7963,-11.3348,"{'sl': 30, 'tp': 32, 'end': 2}",46
7,3,7,5,0.05,2.0,1.0,245,96,149,0.3918,0.4078,99.9209,100.3547,1.2046,6.1275,-3.2773,-33.6756,5.76,23.0431,-8.7849,"{'sl': 148, 'tp': 95, 'end': 2}",90
10,2,5,5,0.0,4.0,2.0,72,30,42,0.4167,1.4192,102.1833,96.8163,1.3818,12.3265,-6.3717,-50.4276,18.17,28.1396,-13.125,"{'sl': 42, 'tp': 29, 'end': 1}",54
7,3,10,5,0.05,2.0,1.0,246,96,150,0.3902,0.3966,97.5531,95.6107,1.1988,6.1275,-3.2713,-35.2461,5.74,23.0431,-8.7849,"{'sl': 149, 'tp': 95, 'end': 2}",90
10,5,10,5,0.05,2.0,1.0,93,44,49,0.4731,0.8251,76.7325,94.9298,1.4846,5.3428,-3.2317,-17.3351,5.73,11.745,-7.0681,"{'sl': 49, 'tp': 43, 'end': 1}",59
10,2,5,5,0.0,2.0,1.0,74,34,40,0.4595,1.026,75.9256,94.3403,1.5703,6.1486,-3.3282,-27.3601,5.38,14.0198,-6.6125,"{'sl': 40, 'tp': 34}",54
7,2,10,3,0.05,3.0,2.0,110,54,56,0.4909,0.9811,107.9177,93.0797,1.2681,9.4525,-7.1878,-68.1711,16.05,17.8924,-14.3329,"{'sl': 56, 'tp': 54}",65
7,5,10,3,0.0,4.0,2.0,56,24,32,0.4286,1.7593,98.5232,92.7144,1.4416,13.4015,-6.9723,-50.791,18.45,30.4284,-14.3329,"{'tp': 24, 'sl': 32}",41
10,2,5,5,0.05,3.0,1.0,105,34,71,0.3238,0.7895,82.8951,91.4998,1.3833,8.799,-3.0461,-36.1416,6.72,21.0797,-6.6125,"{'tp': 34, 'sl': 71}",62
7,2,7,3,0.05,3.0,2.0,108,53,55,0.4907,0.9803,105.8732,89.6305,1.2656,9.5199,-7.2488,-68.1711,16.23,17.8924,-14.3329,"{'sl': 55, 'tp': 53}",65
10,5,7,3,0.05,3.0,2.0,48,25,23,0.5208,1.6987,81.5355,89.3149,1.5486,9.2059,-6.4614,-42.6414,15.06,17.1545,-14.3329,"{'tp': 25, 'sl': 23}",39
7,3,5,5,0.05,2.0,1.0,241,93,148,0.3859,0.3887,93.6677,88.6846,1.1933,6.2188,-3.2748,-33.6756,5.76,23.0431,-8.7849,"{'sl': 147, 'tp': 92, 'end': 2}",90
10,5,7,5,0.05,2.0,1.0,89,42,47,0.4719,0.7985,71.0652,84.8817,1.4644,5.3359,-3.2562,-20.7604,5.75,11.745,-7.0681,"{'sl': 47, 'tp': 41, 'end': 1}",58
10,3,7,5,0.0,4.0,2.0,47,20,27,0.4255,1.7948,84.3566,83.4348,1.4883,12.8558,-6.3985,-45.3795,16.36,21.8246,-12.4215,"{'sl': 27, 'tp': 19, 'end': 1}",38
7,5,10,3,0.0,2.0,1.0,56,28,28,0.5,1.2274,68.7326,82.9475,1.6525,6.2166,-3.7619,-31.1306,4.95,11.8949,-7.7321,"{'tp': 28, 'sl': 28}",41
10,3,7,5,0.0,3.0,1.0,49,18,31,0.3673,1.4295,70.0468,81.3694,1.6744,9.6615,-3.3503,-20.1577,7.31,16.3435,-6.2608,"{'sl': 31, 'tp': 18}",38
10,3,10,5,0.0,4.0,2.0,50,21,29,0.42,1.6563,82.8141,79.2619,1.4514,12.6801,-6.3265,-45.3795,15.84,21.8246,-12.4215,"{'sl': 29, 'tp': 20, 'end': 1}",41
5,2,5,5,0.0,4.0,2.0,228,91,137,0.3991,0.7593,173.1197,79.1876,1.1844,12.22,-6.8533,-77.2611,16.31,43.5001,-19.6788,"{'sl': 135, 'tp': 82, 'end': 11}",91
5,2,7,5,0.0,4.0,2.0,228,91,137,0.3991,0.7593,173.1197,79.1876,1.1844,12.22,-6.8533,-77.2611,16.31,43.5001,-19.6788,"{'sl': 135, 'tp': 82, 'end': 11}",91
5,2,10,5,0.0,4.0,2.0,228,91,137,0.3991,0.7593,173.1197,79.1876,1.1844,12.22,-6.8533,-77.2611,16.31,43.5001,-19.6788,"{'sl': 135, 'tp': 82, 'end': 11}",91
10,3,7,3,0.05,3.0,1.0,65,22,43,0.3385,1.0914,70.939,78.7811,1.5251,9.365,-3.1416,-40.1139,7.28,21.0797,-5.9477,"{'tp': 22, 'sl': 43}",49
10,5,5,5,0.05,2.0,1.0,88,41,47,0.4659,0.7566,66.5826,76.9497,1.4351,5.3567,-3.2562,-20.7604,5.8,11.745,-7.0681,"{'sl': 47, 'tp': 40, 'end': 1}",58
10,2,5,5,0.0,3.0,2.0,74,36,38,0.4865,1.1088,82.0531,76.1386,1.3344,9.0952,-6.4572,-37.6849,14.27,21.0797,-13.125,"{'sl': 38, 'tp': 35, 'end': 1}",54
10,3,10,3,0.0,3.0,2.0,47,24,23,0.5106,1.5366,72.2217,74.8087,1.4885,9.169,-6.4276,-40.2714,12.23,21.0797,-11.7953,"{'tp': 24, 'sl': 23}",36
5,2,5,5,0.05,3.0,1.0,274,80,194,0.292,0.4008,109.8307,74.5343,1.168,9.5438,-3.3694,-54.2732,6.16,32.6001,-9.8894,"{'sl': 193, 'tp': 76, 'end': 5}",93
5,2,7,5,0.05,3.0,1.0,274,80,194,0.292,0.4008,109.8307,74.5343,1.168,9.5438,-3.3694,-54.2732,6.16,32.6001,-9.8894,"{'sl': 193, 'tp': 76, 'end': 5}",93
5,2,10,5,0.05,3.0,1.0,274,80,194,0.292,0.4008,109.8307,74.5343,1.168,9.5438,-3.3694,-54.2732,6.16,32.6001,-9.8894,"{'sl': 193, 'tp': 76, 'end': 5}",93
5,3,5,5,0.05,3.0,1.0,302,90,212,0.298,0.3703,111.8228,74.3857,1.1549,9.2632,-3.405,-52.4545,7.61,20.055,-8.7849,"{'sl': 211, 'tp': 88, 'end': 3}",93
5,3,7,5,0.05,3.0,1.0,302,90,212,0.298,0.3703,111.8228,74.3857,1.1549,9.2632,-3.405,-52.4545,7.61,20.055,-8.7849,"{'sl': 211, 'tp': 88, 'end': 3}",93
5,3,10,5,0.05,3.0,1.0,302,90,212,0.298,0.3703,111.8228,74.3857,1.1549,9.2632,-3.405,-52.4545,7.61,20.055,-8.7849,"{'sl': 211, 'tp': 88, 'end': 3}",93
5,3,5,5,0.0,3.0,1.0,256,74,182,0.2891,0.409,104.7104,73.156,1.1701,9.7331,-3.3821,-49.7674,7.06,20.055,-8.7849,"{'sl': 181, 'tp': 71, 'end': 4}",95
5,3,7,5,0.0,3.0,1.0,256,74,182,0.2891,0.409,104.7104,73.156,1.1701,9.7331,-3.3821,-49.7674,7.06,20.055,-8.7849,"{'sl': 181, 'tp': 71, 'end': 4}",95
5,3,10,5,0.0,3.0,1.0,256,74,182,0.2891,0.409,104.7104,73.156,1.1701,9.7331,-3.3821,-49.7674,7.06,20.055,-8.7849,"{'sl': 181, 'tp': 71, 'end': 4}",95
10,3,7,3,0.0,3.0,2.0,44,23,21,0.5227,1.5728,69.2023,71.9484,1.508,8.9318,-6.4871,-40.2714,12.64,21.0797,-11.7953,"{'tp': 23, 'sl': 21}",36
10,2,5,3,0.05,4.0,2.0,74,34,40,0.4595,1.1944,88.3862,71.5626,1.3014,11.2254,-7.3319,-49.77,19.16,21.8246,-14.3329,"{'sl': 40, 'tp': 32, 'end': 2}",54
10,3,5,3,0.0,3.0,1.0,30,13,17,0.4333,1.9814,59.4418,69.6725,2.0852,8.7858,-3.222,-10.9422,9.63,21.0797,-5.2747,"{'tp': 13, 'sl': 17}",25
5,2,5,5,0.0,3.0,1.0,236,69,167,0.2924,0.4326,102.104,69.3802,1.1762,9.8769,-3.4695,-49.1868,6.31,32.6001,-9.8894,"{'sl': 166, 'tp': 65, 'end': 5}",91
5,2,7,5,0.0,3.0,1.0,236,69,167,0.2924,0.4326,102.104,69.3802,1.1762,9.8769,-3.4695,-49.1868,6.31,32.6001,-9.8894,"{'sl': 166, 'tp': 65, 'end': 5}",91
5,2,10,5,0.0,3.0,1.0,236,69,167,0.2924,0.4326,102.104,69.3802,1.1762,9.8769,-3.4695,-49.1868,6.31,32.6001,-9.8894,"{'sl': 166, 'tp': 65, 'end': 5}",91
10,2,10,3,0.05,4.0,2.0,97,42,55,0.433,1.0118,98.1483,68.7358,1.249,11.723,-7.1676,-55.3515,17.53,21.8246,-14.3329,"{'sl': 55, 'tp': 40, 'end': 2}",63
7,5,5,3,0.0,2.0,1.0,53,26,27,0.4906,1.1347,60.1389,68.7287,1.592,6.2201,-3.7624,-31.1306,5.08,11.8949,-7.7321,"{'tp': 26, 'sl': 27}",38
7,5,7,3,0.0,2.0,1.0,55,27,28,0.4909,1.0883,59.8549,68.0303,1.5682,6.1181,-3.7619,-31.1306,4.96,11.8949,-7.7321,"{'tp': 27, 'sl': 28}",40
10,3,10,5,0.0,3.0,1.0,52,18,34,0.3462,1.1957,62.1757,67.4385,1.5565,9.6615,-3.2862,-21.3707,7.0,16.3435,-6.2608,"{'sl': 34, 'tp': 18}",41
7,5,10,3,0.05,3.0,1.0,110,33,77,0.3,0.654,71.9435,65.3988,1.2896,9.7093,-3.2268,-31.0357,8.94,20.1288,-7.7321,"{'tp': 33, 'sl': 77}",64
7,5,5,3,0.0,4.0,2.0,53,22,31,0.4151,1.529,81.0359,64.983,1.3757,13.4887,-6.9585,-46.8597,19.04,30.4284,-14.3329,"{'tp': 22, 'sl': 31}",38
7,5,7,3,0.0,4.0,2.0,55,23,32,0.4182,1.4667,80.6679,63.5178,1.3616,13.2078,-6.9723,-50.791,18.53,30.4284,-14.3329,"{'tp': 23, 'sl': 32}",40
10,2,7,5,0.05,2.0,1.0,115,47,68,0.4087,0.5288,60.8069,61.8905,1.2847,5.8377,-3.1406,-38.9409,4.83,14.0198,-6.6125,"{'tp': 47, 'sl': 68}",64
10,3,10,5,0.05,2.0,1.0,102,41,61,0.402,0.5683,57.9676,59.5801,1.311,5.9595,-3.0553,-31.1219,5.12,11.403,-6.2608,"{'sl': 61, 'tp': 41}",67
10,2,10,5,0.0,3.0,2.0,85,40,45,0.4706,0.9011,76.5958,59.4499,1.2598,9.2851,-6.5513,-44.6655,13.98,21.0797,-13.125,"{'sl': 45, 'tp': 39, 'end': 1}",58
7,3,7,3,0.05,4.0,2.0,76,33,43,0.4342,0.9912,75.3323,59.2366,1.2948,10.0251,-5.9417,-49.5088,16.11,30.4284,-11.7953,"{'sl': 42, 'tp': 31, 'end': 3}",52
7,5,5,3,0.05,3.0,1.0,106,32,74,0.3019,0.6289,66.6619,58.3733,1.2773,9.595,-3.2484,-29.1816,9.14,20.1288,-7.7321,"{'tp': 32, 'sl': 74}",62
10,3,10,3,0.05,3.0,1.0,69,22,47,0.3188,0.8555,59.0299,58.3687,1.4016,9.365,-3.1277,-43.6696,6.97,21.0797,-5.9477,"{'tp': 22, 'sl': 47}",50
7,3,10,3,0.05,4.0,2.0,78,34,44,0.4359,0.9683,75.5289,58.2962,1.2858,9.9941,-6.0061,-49.5088,15.85,30.4284,-11.7953,"{'sl': 43, 'tp': 32, 'end': 3}",53
10,3,5,3,0.05,3.0,1.0,50,17,33,0.34,1.1085,55.4237,57.9524,1.5433,9.2612,-3.0914,-30.7694,7.84,21.0797,-5.8321,"{'tp': 17, 'sl': 33}",38
10,3,7,3,0.0,3.0,1.0,44,16,28,0.3636,1.2373,54.4413,57.9395,1.6028,9.0476,-3.2257,-24.2581,8.07,21.0797,-5.9477,"{'tp': 16, 'sl': 28}",36
10,5,7,3,0.05,4.0,2.0,48,21,27,0.4375,1.4207,68.1959,56.7087,1.3803,11.7859,-6.641,-51.4343,18.31,22.906,-14.3329,"{'tp': 21, 'sl': 27}",39
10,2,10,5,0.05,2.0,1.0,120,48,72,0.4,0.4791,57.492,55.8871,1.2561,5.874,-3.1175,-37.7238,4.81,14.0198,-6.6125,"{'tp': 48, 'sl': 72}",65
10,3,7,5,0.0,3.0,2.0,47,23,24,0.4894,1.2848,60.3838,54.582,1.3865,9.4189,-6.5105,-31.3346,14.34,16.3435,-12.4215,"{'sl': 24, 'tp': 22, 'end': 1}",38
7,2,5,3,0.0,3.0,2.0,73,35,38,0.4795,1.0101,73.7382,53.1468,1.259,10.2412,-7.4922,-68.5662,13.86,17.8924,-14.3329,"{'sl': 38, 'tp': 35}",54
10,2,10,5,0.0,4.0,2.0,83,33,50,0.3976,0.9828,81.5721,52.087,1.2494,12.3849,-6.5426,-54.2822,17.53,28.1396,-13.125,"{'sl': 50, 'tp': 32, 'end': 1}",58
10,2,5,5,0.05,2.0,1.0,106,43,63,0.4057,0.4976,52.746,51.5389,1.2717,5.7412,-3.0813,-35.0954,4.76,14.0198,-6.6125,"{'tp': 43, 'sl': 63}",62
10,3,7,5,0.05,2.0,1.0,94,38,56,0.4043,0.5399,50.7495,50.1549,1.2954,5.8572,-3.0683,-29.1118,5.31,10.8623,-6.2608,"{'sl': 56, 'tp': 38}",61
10,2,7,5,0.0,3.0,2.0,83,39,44,0.4699,0.8374,69.5082,49.648,1.2396,9.221,-6.5934,-50.5071,14.04,21.0797,-13.125,"{'sl': 44, 'tp': 38, 'end': 1}",57
7,5,7,3,0.05,3.0,1.0,108,32,76,0.2963,0.5606,60.5452,48.8266,1.2456,9.595,-3.2434,-29.6511,8.99,20.1288,-7.7321,"{'tp': 32, 'sl': 76}",62
10,3,10,5,0.0,3.0,2.0,50,24,26,0.48,1.1305,56.5247,47.8598,1.3386,9.3119,-6.4215,-31.3346,13.88,16.3435,-12.4215,"{'sl': 26, 'tp': 23, 'end': 1}",41
7,3,5,5,0.0,2.0,1.0,165,64,101,0.3879,0.3661,60.4032,47.2859,1.1768,6.281,-3.382,-42.1725,5.13,23.0431,-8.7849,"{'sl': 100, 'tp': 63, 'end': 2}",78
7,3,7,5,0.0,2.0,1.0,165,64,101,0.3879,0.3661,60.4032,47.2859,1.1768,6.281,-3.382,-42.1725,5.13,23.0431,-8.7849,"{'sl': 100, 'tp': 63, 'end': 2}",78
7,3,10,5,0.0,2.0,1.0,165,64,101,0.3879,0.3661,60.4032,47.2859,1.1768,6.281,-3.382,-42.1725,5.13,23.0431,-8.7849,"{'sl': 100, 'tp': 63, 'end': 2}",78
10,3,5,3,0.0,2.0,1.0,30,15,15,0.5,1.4052,42.1555,46.6765,1.8875,5.9771,-3.1667,-8.2684,6.5,14.0198,-5.2747,"{'tp': 15, 'sl': 15}",25
10,3,5,5,0.0,3.0,1.0,44,15,29,0.3409,1.0291,45.2822,44.4861,1.4722,9.4115,-3.3065,-17.9619,6.8,16.3435,-6.2608,"{'sl': 29, 'tp': 15}",33
10,3,5,5,0.0,4.0,2.0,42,17,25,0.4048,1.3417,56.351,44.1418,1.3589,12.551,-6.2807,-45.3795,15.69,21.8246,-12.4215,"{'sl': 25, 'tp': 16, 'end': 1}",33
7,5,5,5,0.05,3.0,1.0,247,77,170,0.3117,0.3451,85.2494,43.695,1.1371,9.1819,-3.6574,-51.0446,8.2,22.6782,-8.7285,"{'sl': 170, 'tp': 76, 'end': 1}",91
7,5,7,5,0.05,3.0,1.0,247,77,170,0.3117,0.3451,85.2494,43.695,1.1371,9.1819,-3.6574,-51.0446,8.2,22.6782,-8.7285,"{'sl': 170, 'tp': 76, 'end': 1}",91
7,5,10,5,0.05,3.0,1.0,247,77,170,0.3117,0.3451,85.2494,43.695,1.1371,9.1819,-3.6574,-51.0446,8.2,22.6782,-8.7285,"{'sl': 170, 'tp': 76, 'end': 1}",91
10,2,5,5,0.05,4.0,2.0,103,39,64,0.3786,0.7542,77.6798,43.3957,1.2065,11.6382,-5.8783,-66.3549,17.39,28.1396,-13.125,"{'tp': 38, 'sl': 64, 'end': 1}",62
5,3,5,5,0.05,2.0,1.0,305,118,187,0.3869,0.2418,73.7578,42.0788,1.1138,6.1163,-3.465,-52.0488,5.35,23.0431,-8.7849,"{'sl': 186, 'tp': 117, 'end': 2}",93
5,3,7,5,0.05,2.0,1.0,305,118,187,0.3869,0.2418,73.7578,42.0788,1.1138,6.1163,-3.465,-52.0488,5.35,23.0431,-8.7849,"{'sl': 186, 'tp': 117, 'end': 2}",93
5,3,10,5,0.05,2.0,1.0,305,118,187,0.3869,0.2418,73.7578,42.0788,1.1138,6.1163,-3.465,-52.0488,5.35,23.0431,-8.7849,"{'sl': 186, 'tp': 117, 'end': 2}",93
10,3,10,3,0.0,3.0,1.0,47,16,31,0.3404,0.9261,43.529,41.2879,1.43,9.0476,-3.2656,-24.2581,7.72,21.0797,-5.9477,"{'tp': 16, 'sl': 31}",36
10,5,7,3,0.05,3.0,1.0,49,16,33,0.3265,0.8913,43.6725,40.5134,1.4129,9.3401,-3.2051,-39.8461,7.43,17.1545,-7.2165,"{'sl': 33, 'tp': 16}",39
10,5,10,3,0.05,3.0,2.0,53,25,28,0.4717,0.9858,52.2469,39.9212,1.2937,9.2059,-6.3536,-45.8369,14.28,17.1545,-14.3329,"{'sl': 28, 'tp': 25}",43
10,2,7,5,0.0,4.0,2.0,81,32,49,0.3951,0.8706,70.5226,37.8377,1.2187,12.2798,-6.5802,-60.3355,17.64,28.1396,-13.125,"{'sl': 49, 'tp': 31, 'end': 1}",57
10,3,7,3,0.05,2.0,1.0,65,26,39,0.4,0.6079,39.5149,37.4888,1.3238,6.2132,-3.1289,-32.3309,5.6,14.0198,-5.9477,"{'tp': 26, 'sl': 39}",49
5,2,5,5,0.0,3.0,2.0,230,104,126,0.4522,0.5287,121.6119,37.4334,1.1407,9.4804,-6.8599,-74.6755,13.33,32.6001,-19.6788,"{'sl': 124, 'tp': 97, 'end': 9}",91
5,2,7,5,0.0,3.0,2.0,230,104,126,0.4522,0.5287,121.6119,37.4334,1.1407,9.4804,-6.8599,-74.6755,13.33,32.6001,-19.6788,"{'sl': 124, 'tp': 97, 'end': 9}",91
5,2,10,5,0.0,3.0,2.0,230,104,126,0.4522,0.5287,121.6119,37.4334,1.1407,9.4804,-6.8599,-74.6755,13.33,32.6001,-19.6788,"{'sl': 124, 'tp': 97, 'end': 9}",91
10,3,7,3,0.0,2.0,1.0,44,19,25,0.4318,0.8317,36.5944,36.7089,1.4591,6.1211,-3.1883,-18.3944,5.82,14.0198,-5.9477,"{'tp': 19, 'sl': 25}",36
7,5,5,5,0.05,2.0,1.0,249,97,152,0.3896,0.2569,63.9769,34.8355,1.1161,6.3383,-3.624,-40.6711,5.93,17.1569,-8.71,"{'sl': 152, 'tp': 96, 'end': 1}",91
7,5,7,5,0.05,2.0,1.0,249,97,152,0.3896,0.2569,63.9769,34.8355,1.1161,6.3383,-3.624,-40.6711,5.93,17.1569,-8.71,"{'sl': 152, 'tp': 96, 'end': 1}",91
7,5,10,5,0.05,2.0,1.0,249,97,152,0.3896,0.2569,63.9769,34.8355,1.1161,6.3383,-3.624,-40.6711,5.93,17.1569,-8.71,"{'sl': 152, 'tp': 96, 'end': 1}",91
5,3,5,5,0.0,3.0,2.0,249,113,136,0.4538,0.4871,121.2764,34.779,1.1333,9.1245,-6.6896,-83.6889,14.51,22.4541,-17.4699,"{'sl': 132, 'tp': 106, 'end': 11}",95
5,3,7,5,0.0,3.0,2.0,249,113,136,0.4538,0.4871,121.2764,34.779,1.1333,9.1245,-6.6896,-83.6889,14.51,22.4541,-17.4699,"{'sl': 132, 'tp': 106, 'end': 11}",95
5,3,10,5,0.0,3.0,2.0,249,113,136,0.4538,0.4871,121.2764,34.779,1.1333,9.1245,-6.6896,-83.6889,14.51,22.4541,-17.4699,"{'sl': 132, 'tp': 106, 'end': 11}",95
7,2,5,3,0.0,3.0,1.0,74,23,51,0.3108,0.6212,45.9712,34.7135,1.2418,10.2652,-3.728,-48.524,9.23,17.8924,-7.2165,"{'sl': 51, 'tp': 23}",54
10,3,5,5,0.0,3.0,2.0,42,20,22,0.4762,1.0331,43.3901,33.7524,1.3088,9.195,-6.3868,-31.3346,13.57,16.3435,-12.4215,"{'sl': 22, 'tp': 19, 'end': 1}",33
10,2,5,3,0.05,3.0,1.0,74,25,49,0.3378,0.5705,42.2152,33.2556,1.242,8.665,-3.5594,-34.651,7.32,16.3435,-7.2165,"{'sl': 49, 'tp': 24, 'end': 1}",54
7,2,10,5,0.0,3.0,1.0,151,46,105,0.3046,0.3662,55.2898,31.741,1.1521,9.1031,-3.4615,-35.0049,6.64,21.0797,-9.8894,"{'sl': 105, 'tp': 45, 'end': 1}",82
10,2,7,3,0.05,4.0,2.0,91,39,52,0.4286,0.765,69.6166,31.2258,1.1831,11.5315,-7.3098,-58.6107,18.01,21.8246,-14.3329,"{'sl': 52, 'tp': 37, 'end': 2}",60
7,2,10,3,0.0,3.0,2.0,80,37,43,0.4625,0.729,58.3232,28.8245,1.1844,10.1239,-7.3549,-69.066,13.68,17.8924,-14.3329,"{'sl': 43, 'tp': 37}",57
10,3,5,3,0.05,2.0,1.0,50,20,30,0.4,0.6128,30.6409,28.2265,1.332,6.1468,-3.0765,-23.7018,5.84,14.0198,-5.8321,"{'tp': 20, 'sl': 30}",38
10,3,7,5,0.0,2.0,1.0,50,20,30,0.4,0.5988,29.9413,26.7531,1.3006,6.4781,-3.3207,-23.5599,5.04,10.8623,-6.2608,"{'sl': 30, 'tp': 20}",38
7,2,7,3,0.0,3.0,2.0,78,36,42,0.4615,0.7215,56.2787,26.5232,1.1801,10.2418,-7.4387,-69.066,13.86,17.8924,-14.3329,"{'sl': 42, 'tp': 36}",57
5,2,5,3,0.05,4.0,2.0,98,38,60,0.3878,0.6748,66.1325,26.3297,1.1692,12.0234,-6.5126,-61.2083,20.74,21.8246,-14.3329,"{'sl': 60, 'tp': 35, 'end': 3}",61
10,5,5,3,0.05,3.0,2.0,41,20,21,0.4878,0.8926,36.5977,25.7759,1.2686,8.6417,-6.4874,-43.3677,15.85,16.9161,-14.3329,"{'tp': 20, 'sl': 21}",33
10,2,5,3,0.05,3.0,2.0,74,37,37,0.5,0.6535,48.3602,24.8389,1.1775,8.6708,-7.3638,-54.5043,14.01,16.3435,-14.3329,"{'sl': 37, 'tp': 36, 'end': 1}",54
10,2,5,3,0.0,3.0,1.0,65,22,43,0.3385,0.5128,33.3347,24.3673,1.2159,8.5341,-3.591,-35.475,7.83,14.014,-7.2165,"{'sl': 43, 'tp': 21, 'end': 1}",50
7,3,7,3,0.05,3.0,2.0,76,36,40,0.4737,0.5781,43.9356,24.2849,1.1821,7.9216,-6.031,-42.5028,13.99,22.7963,-11.7953,"{'sl': 39, 'tp': 35, 'end': 2}",52
10,5,7,3,0.0,3.0,2.0,29,14,15,0.4828,1.1755,34.09,23.8619,1.3118,10.2433,-7.2877,-40.3272,15.83,16.9161,-14.3329,"{'tp': 14, 'sl': 15}",28
7,2,7,3,0.0,3.0,1.0,80,24,56,0.3,0.4761,38.0855,23.4348,1.1829,10.2633,-3.7185,-48.9749,8.86,17.8924,-7.2165,"{'sl': 56, 'tp': 24}",57
10,2,10,5,0.05,4.0,2.0,117,43,74,0.3675,0.5929,69.3652,23.1077,1.1568,11.9033,-5.9794,-70.2011,16.68,28.1396,-13.125,"{'tp': 42, 'sl': 74, 'end': 1}",65
10,3,10,3,0.0,2.0,1.0,47,19,28,0.4043,0.5464,25.6821,22.2956,1.2834,6.1211,-3.2364,-20.6248,5.62,14.0198,-5.9477,"{'tp': 19, 'sl': 28}",36
10,5,10,3,0.0,3.0,2.0,31,15,16,0.4839,1.07,33.1693,22.0622,1.2833,10.0171,-7.3179,-40.3272,15.29,16.9161,-14.3329,"{'tp': 15, 'sl': 16}",30
10,3,5,5,0.05,2.0,1.0,88,34,54,0.3864,0.3252,28.6161,21.8047,1.1729,5.7082,-3.0641,-30.895,5.26,10.8623,-6.2608,"{'sl': 54, 'tp': 34}",57
10,3,10,3,0.05,2.0,1.0,69,26,43,0.3768,0.4001,27.6058,21.7909,1.2061,6.2132,-3.1148,-36.5867,5.39,14.0198,-5.9477,"{'tp': 26, 'sl': 43}",50
7,2,10,5,0.05,3.0,1.0,203,59,144,0.2906,0.2669,54.1772,21.6866,1.1154,8.8752,-3.2601,-44.7901,6.8,21.0797,-9.8894,"{'sl': 144, 'tp': 58, 'end': 1}",88
7,5,5,5,0.0,2.0,1.0,209,79,130,0.378,0.232,48.4778,21.5586,1.1041,6.5095,-3.5829,-43.7336,6.44,17.1569,-8.71,"{'sl': 130, 'tp': 79}",88
7,5,7,5,0.0,2.0,1.0,209,79,130,0.378,0.232,48.4778,21.5586,1.1041,6.5095,-3.5829,-43.7336,6.44,17.1569,-8.71,"{'sl': 130, 'tp': 79}",88
7,5,10,5,0.0,2.0,1.0,209,79,130,0.378,0.232,48.4778,21.5586,1.1041,6.5095,-3.5829,-43.7336,6.44,17.1569,-8.71,"{'sl': 130, 'tp': 79}",88
5,2,5,5,0.05,4.0,2.0,262,103,159,0.3931,0.5472,143.3651,21.1635,1.1345,11.7432,-6.7056,-76.0628,16.22,43.5001,-19.6788,"{'sl': 157, 'tp': 94, 'end': 11}",93
5,2,7,5,0.05,4.0,2.0,262,103,159,0.3931,0.5472,143.3651,21.1635,1.1345,11.7432,-6.7056,-76.0628,16.22,43.5001,-19.6788,"{'sl': 157, 'tp': 94, 'end': 11}",93
5,2,10,5,0.05,4.0,2.0,262,103,159,0.3931,0.5472,143.3651,21.1635,1.1345,11.7432,-6.7056,-76.0628,16.22,43.5001,-19.6788,"{'sl': 157, 'tp': 94, 'end': 11}",93
7,3,10,3,0.05,3.0,2.0,78,37,41,0.4744,0.5367,41.8644,20.9796,1.1674,7.8886,-6.0979,-42.5028,13.78,22.7963,-11.7953,"{'sl': 40, 'tp': 36, 'end': 2}",53
10,5,10,3,0.05,3.0,1.0,54,16,38,0.2963,0.5329,28.7782,20.7805,1.2385,9.3401,-3.1754,-43.4371,7.11,17.1545,-7.2165,"{'sl': 38, 'tp': 16}",43
7,5,10,3,0.05,2.0,1.0,110,42,68,0.3818,0.2878,31.6591,20.1888,1.1407,6.1115,-3.3092,-35.7891,6.35,13.3859,-7.7321,"{'tp': 42, 'sl': 68}",64
5,3,5,5,0.0,2.0,1.0,259,97,162,0.3745,0.2022,52.3669,20.0705,1.0933,6.3233,-3.4629,-50.5117,5.08,23.0431,-8.7849,"{'sl': 161, 'tp': 96, 'end': 2}",95
5,3,7,5,0.0,2.0,1.0,259,97,162,0.3745,0.2022,52.3669,20.0705,1.0933,6.3233,-3.4629,-50.5117,5.08,23.0431,-8.7849,"{'sl': 161, 'tp': 96, 'end': 2}",95
5,3,10,5,0.0,2.0,1.0,259,97,162,0.3745,0.2022,52.3669,20.0705,1.0933,6.3233,-3.4629,-50.5117,5.08,23.0431,-8.7849,"{'sl': 161, 'tp': 96, 'end': 2}",95
7,5,5,3,0.05,2.0,1.0,106,41,65,0.3868,0.2912,30.8663,19.8283,1.1423,6.0441,-3.3375,-32.9114,6.51,13.3859,-7.7321,"{'tp': 41, 'sl': 65}",62
5,2,7,3,0.05,4.0,2.0,99,38,61,0.3838,0.6052,59.9134,18.4731,1.1509,12.0234,-6.5078,-63.6208,20.59,21.8246,-14.3329,"{'sl': 61, 'tp': 35, 'end': 3}",61
5,2,10,3,0.05,4.0,2.0,99,38,61,0.3838,0.6052,59.9134,18.4731,1.1509,12.0234,-6.5078,-63.6208,20.59,21.8246,-14.3329,"{'sl': 61, 'tp': 35, 'end': 3}",61
7,2,10,3,0.0,3.0,1.0,82,24,58,0.2927,0.4149,34.0237,18.472,1.1603,10.2633,-3.6603,-48.9749,8.73,17.8924,-7.2165,"{'sl': 58, 'tp': 24}",57
7,2,7,5,0.0,3.0,1.0,150,45,105,0.3,0.2925,43.869,18.2373,1.1207,9.0516,-3.4615,-41.667,6.65,21.0797,-9.8894,"{'sl': 105, 'tp': 44, 'end': 1}",81
10,5,5,3,0.05,3.0,1.0,42,13,29,0.3095,0.5574,23.4098,17.6614,1.2556,8.8462,-3.1583,-36.7952,8.05,16.3435,-7.2165,"{'sl': 29, 'tp': 13}",33
10,3,10,5,0.0,2.0,1.0,53,20,33,0.3774,0.4164,22.0702,17.0173,1.2053,6.4781,-3.2573,-24.7212,4.87,10.8623,-6.2608,"{'sl': 33, 'tp': 20}",41
10,5,7,3,0.05,2.0,1.0,49,20,29,0.4082,0.4311,21.1261,16.5305,1.2198,5.8614,-3.3139,-28.1622,4.45,11.403,-7.2165,"{'sl': 29, 'tp': 20}",39
10,5,10,3,0.05,4.0,2.0,53,21,32,0.3962,0.7341,38.9073,15.8222,1.1865,11.7859,-6.5186,-54.1399,17.23,22.906,-14.3329,"{'sl': 32, 'tp': 21}",43
7,2,5,3,0.0,4.0,2.0,73,28,45,0.3836,0.7362,53.745,14.5044,1.1627,13.7159,-7.34,-76.098,19.47,23.8898,-14.3329,"{'sl': 45, 'tp': 27, 'end': 1}",54
7,5,7,3,0.05,2.0,1.0,108,41,67,0.3796,0.2292,24.7496,12.6051,1.111,6.0441,-3.3292,-34.4999,6.41,13.3859,-7.7321,"{'tp': 41, 'sl': 67}",62
7,2,7,5,0.05,3.0,1.0,201,58,143,0.2886,0.2225,44.7246,11.4063,1.0957,8.8313,-3.2692,-43.689,6.83,21.0797,-9.8894,"{'sl': 143, 'tp': 57, 'end': 1}",87
10,5,10,3,0.05,2.0,1.0,54,21,33,0.3889,0.303,16.3628,10.6789,1.1522,5.8992,-3.2582,-32.4506,4.28,11.403,-7.2165,"{'sl': 33, 'tp': 21}",43
7,2,10,5,0.0,4.0,2.0,147,57,90,0.3878,0.5288,77.7383,10.6209,1.1295,11.8942,-6.6692,-62.584,16.99,28.1396,-19.6788,"{'sl': 89, 'tp': 53, 'end': 5}",82
10,5,5,3,0.05,2.0,1.0,42,17,25,0.4048,0.2963,12.4439,8.2433,1.1519,5.551,-3.2769,-24.042,4.71,10.8623,-7.2165,"{'sl': 25, 'tp': 17}",33
7,3,5,3,0.0,4.0,2.0,21,8,13,0.381,0.839,17.6194,8.155,1.2126,12.5626,-6.3755,-41.3233,15.33,20.2239,-11.3348,"{'tp': 8, 'sl': 12, 'end': 1}",18
7,2,10,5,0.0,3.0,2.0,149,67,82,0.4497,0.4164,62.0496,7.8158,1.1124,9.1666,-6.7331,-63.6429,13.21,22.4541,-19.6788,"{'sl': 81, 'tp': 65, 'end': 3}",82
10,5,7,3,0.0,3.0,1.0,29,9,20,0.3103,0.4213,12.2173,6.3227,1.1632,9.6745,-3.7427,-26.9085,7.17,16.3435,-7.2165,"{'sl': 20, 'tp': 9}",28
7,2,5,3,0.0,2.0,1.0,74,27,47,0.3649,0.1976,14.6251,4.3033,1.0842,6.9746,-3.6955,-47.2831,7.0,11.8949,-7.2165,"{'sl': 47, 'tp': 27}",54
7,2,10,3,0.0,4.0,2.0,80,30,50,0.375,0.5841,46.7263,4.0563,1.1295,13.5867,-7.2175,-76.3287,18.21,23.8898,-14.3329,"{'sl': 50, 'tp': 29, 'end': 1}",57
10,2,7,3,0.05,3.0,1.0,92,28,64,0.3043,0.1999,18.3897,2.2353,1.0802,8.8473,-3.5834,-50.6395,7.07,16.3435,-7.2165,"{'sl': 64, 'tp': 27, 'end': 1}",60
7,2,7,3,0.0,2.0,1.0,80,29,51,0.3625,0.1628,13.0208,1.8999,1.0691,6.9474,-3.6952,-47.745,6.74,11.8949,-7.2165,"{'sl': 51, 'tp': 29}",57
10,2,7,3,0.0,3.0,1.0,81,25,56,0.3086,0.191,15.4731,1.3917,1.0761,8.7539,-3.6317,-48.0563,7.43,14.014,-7.2165,"{'sl': 56, 'tp': 24, 'end': 1}",57
5,2,5,5,0.0,2.0,1.0,237,86,151,0.3629,0.1456,34.5087,1.2943,1.065,6.5701,-3.5134,-45.9581,5.05,23.0431,-9.8894,"{'sl': 150, 'tp': 84, 'end': 3}",91
5,2,7,5,0.0,2.0,1.0,237,86,151,0.3629,0.1456,34.5087,1.2943,1.065,6.5701,-3.5134,-45.9581,5.05,23.0431,-9.8894,"{'sl': 150, 'tp': 84, 'end': 3}",91
5,2,10,5,0.0,2.0,1.0,237,86,151,0.3629,0.1456,34.5087,1.2943,1.065,6.5701,-3.5134,-45.9581,5.05,23.0431,-9.8894,"{'sl': 150, 'tp': 84, 'end': 3}",91
10,5,10,3,0.0,4.0,2.0,31,12,19,0.3871,0.5882,18.2353,1.2692,1.131,13.1218,-7.3277,-53.9592,18.26,21.8246,-14.3329,"{'tp': 12, 'sl': 19}",30
10,2,5,3,0.05,2.0,1.0,74,29,45,0.3919,0.1311,9.7002,1.1225,1.0604,5.8764,-3.5715,-37.9197,5.81,10.8623,-7.2165,"{'sl': 45, 'tp': 28, 'end': 1}",54
10,5,5,3,0.0,3.0,1.0,23,7,16,0.3043,0.2328,5.3547,0.5884,1.087,9.5615,-3.8485,-24.7747,7.91,16.3435,-7.2165,"{'sl': 16, 'tp': 7}",23
10,5,7,3,0.0,4.0,2.0,29,11,18,0.3793,0.5807,16.8394,0.5816,1.1281,13.4814,-7.3031,-53.9592,18.9,21.8246,-14.3329,"{'tp': 11, 'sl': 18}",28
10,2,7,5,0.05,4.0,2.0,112,41,71,0.3661,0.4111,46.0421,0.4496,1.1068,11.6353,-6.0705,-71.4856,17.05,28.1396,-13.125,"{'tp': 40, 'sl': 71, 'end': 1}",64
7,2,7,3,0.0,4.0,2.0,78,29,49,0.3718,0.5473,42.6881,0.3087,1.1196,13.7837,-7.2865,-76.3287,18.5,23.8898,-14.3329,"{'sl': 49, 'tp': 28, 'end': 1}",57
10,5,10,3,0.0,3.0,1.0,31,9,22,0.2903,0.1892,5.8654,-0.3297,1.0722,9.6745,-3.6911,-26.9085,6.81,16.3435,-7.2165,"{'sl': 22, 'tp': 9}",30
10,3,5,5,0.0,2.0,1.0,45,16,29,0.3556,0.1012,4.5556,-0.4715,1.0476,6.2614,-3.2975,-29.2933,4.84,10.8623,-6.2608,"{'sl': 29, 'tp': 16}",33
7,5,5,5,0.0,3.0,1.0,207,62,145,0.2995,0.1863,38.5726,-1.6083,1.0726,9.1873,-3.6624,-54.9469,8.67,22.6782,-8.7285,"{'sl': 145, 'tp': 62}",88
7,5,7,5,0.0,3.0,1.0,207,62,145,0.2995,0.1863,38.5726,-1.6083,1.0726,9.1873,-3.6624,-54.9469,8.67,22.6782,-8.7285,"{'sl': 145, 'tp': 62}",88
7,5,10,5,0.0,3.0,1.0,207,62,145,0.2995,0.1863,38.5726,-1.6083,1.0726,9.1873,-3.6624,-54.9469,8.67,22.6782,-8.7285,"{'sl': 145, 'tp': 62}",88
10,2,10,3,0.0,4.0,2.0,85,34,51,0.4,0.4462,37.9304,-1.9079,1.1031,11.9363,-7.2138,-62.7709,15.78,19.5351,-14.3329,"{'sl': 51, 'tp': 32, 'end': 2}",61
10,2,10,3,0.0,3.0,1.0,87,26,61,0.2989,0.1494,13.0015,-2.1784,1.0593,8.9313,-3.5937,-54.9065,7.2,14.014,-7.2165,"{'sl': 61, 'tp': 25, 'end': 1}",61
7,2,10,3,0.0,2.0,1.0,82,29,53,0.3537,0.1093,8.959,-2.1971,1.0465,6.9474,-3.6324,-47.745,6.66,11.8949,-7.2165,"{'sl': 53, 'tp': 29}",57
7,2,7,5,0.0,3.0,2.0,148,66,82,0.4459,0.3421,50.6288,-3.2355,1.0917,9.1324,-6.7331,-63.6429,13.26,22.4541,-19.6788,"{'sl': 81, 'tp': 64, 'end': 3}",81
10,5,5,3,0.0,3.0,2.0,23,10,13,0.4348,0.2677,6.157,-3.7299,1.0635,10.3097,-7.4569,-37.5222,16.83,16.9161,-14.3329,"{'tp': 10, 'sl': 13}",23
7,2,7,5,0.0,4.0,2.0,146,56,90,0.3836,0.4279,62.4772,-4.0259,1.1041,11.8341,-6.6692,-62.584,17.05,28.1396,-19.6788,"{'sl': 89, 'tp': 52, 'end': 5}",81
10,2,10,3,0.05,3.0,2.0,97,45,52,0.4639,0.2865,27.7895,-6.3681,1.0742,8.9372,-7.1997,-66.0682,13.7,16.3435,-14.3329,"{'sl': 52, 'tp': 44, 'end': 1}",63
5,2,5,3,0.05,3.0,2.0,98,43,55,0.4388,0.2586,25.3422,-7.0692,1.0695,9.0667,-6.6277,-55.1896,15.43,16.3435,-14.3329,"{'sl': 55, 'tp': 42, 'end': 1}",61
10,5,5,3,0.0,2.0,1.0,23,8,15,0.3478,-0.2416,-5.556,-8.2975,0.9035,6.5052,-3.8399,-19.323,5.7,10.8623,-7.2165,"{'sl': 15, 'tp': 8}",23
7,3,5,5,0.0,3.0,2.0,159,67,92,0.4214,0.2927,46.547,-8.6794,1.081,9.2769,-6.2501,-72.8144,14.28,22.7963,-17.4699,"{'sl': 88, 'tp': 63, 'end': 8}",78
7,3,7,5,0.0,3.0,2.0,159,67,92,0.4214,0.2927,46.547,-8.6794,1.081,9.2769,-6.2501,-72.8144,14.28,22.7963,-17.4699,"{'sl': 88, 'tp': 63, 'end': 8}",78
7,3,10,5,0.0,3.0,2.0,159,67,92,0.4214,0.2927,46.547,-8.6794,1.081,9.2769,-6.2501,-72.8144,14.28,22.7963,-17.4699,"{'sl': 88, 'tp': 63, 'end': 8}",78
10,5,7,3,0.0,2.0,1.0,29,10,19,0.3448,-0.1887,-5.4734,-8.9054,0.9228,6.5402,-3.7303,-23.2893,5.03,10.8623,-7.2165,"{'sl': 19, 'tp': 10}",28
7,3,5,3,0.0,3.0,1.0,21,6,15,0.2857,-0.3238,-6.7988,-9.3862,0.8761,8.0093,-3.657,-36.6931,9.67,10.4787,-5.7174,"{'tp': 6, 'sl': 15}",18
7,2,5,5,0.0,3.0,1.0,147,42,105,0.2857,0.0942,13.8428,-10.9786,1.0381,8.9833,-3.4615,-41.667,6.73,21.0797,-9.8894,"{'sl': 105, 'tp': 41, 'end': 1}",81
10,5,5,3,0.05,4.0,2.0,41,16,25,0.3902,0.0972,3.9867,-11.8315,1.0239,10.6824,-6.6773,-51.8743,19.54,21.8246,-14.3329,"{'tp': 16, 'sl': 25}",33
5,2,5,3,0.0,3.0,2.0,64,27,37,0.4219,0.1387,8.874,-12.5494,1.0356,9.5729,-6.7458,-53.165,15.45,15.5339,-14.3329,"{'sl': 37, 'tp': 26, 'end': 1}",48
5,2,5,3,0.0,4.0,2.0,64,23,41,0.3594,0.2253,14.4192,-12.7283,1.0529,12.4833,-6.6511,-64.7879,21.48,18.7187,-14.3329,"{'sl': 41, 'tp': 20, 'end': 3}",48
5,2,7,3,0.05,3.0,2.0,99,43,56,0.4343,0.1932,19.1231,-12.8486,1.0516,9.0667,-6.6204,-57.9493,15.32,16.3435,-14.3329,"{'sl': 56, 'tp': 42, 'end': 1}",61
5,2,10,3,0.05,3.0,2.0,99,43,56,0.4343,0.1932,19.1231,-12.8486,1.0516,9.0667,-6.6204,-57.9493,15.32,16.3435,-14.3329,"{'sl': 56, 'tp': 42, 'end': 1}",61
7,3,5,3,0.0,2.0,1.0,21,7,14,0.3333,-0.5688,-11.9448,-13.1773,0.7661,5.5884,-3.6474,-31.3752,7.05,7.2817,-5.7174,"{'tp': 7, 'sl': 14}",18
10,2,7,3,0.05,2.0,1.0,92,34,58,0.3696,-0.0413,-3.7973,-13.5135,0.9818,6.0209,-3.595,-51.0509,5.73,10.8623,-7.2165,"{'sl': 58, 'tp': 33, 'end': 1}",60
10,2,5,5,0.05,3.0,2.0,105,44,61,0.419,0.1511,15.866,-13.6897,1.0438,8.5996,-5.9429,-63.2398,14.01,21.0797,-13.125,"{'tp': 43, 'sl': 61, 'end': 1}",62
7,3,5,3,0.0,3.0,2.0,21,8,13,0.381,-0.3669,-7.7058,-13.7482,0.907,9.397,-6.3755,-45.3273,13.52,15.1429,-11.3348,"{'tp': 8, 'sl': 12, 'end': 1}",18
5,2,5,3,0.0,3.0,1.0,65,16,49,0.2462,-0.062,-4.0281,-13.967,0.9755,10.019,-3.3537,-26.5213,7.51,15.5339,-7.2165,"{'sl': 49, 'tp': 15, 'end': 1}",48
5,2,5,5,0.05,2.0,1.0,275,99,176,0.36,0.0752,20.6735,-14.1441,1.0343,6.2951,-3.4235,-58.2923,4.72,23.0431,-9.8894,"{'sl': 175, 'tp': 97, 'end': 3}",93
5,2,7,5,0.05,2.0,1.0,275,99,176,0.36,0.0752,20.6735,-14.1441,1.0343,6.2951,-3.4235,-58.2923,4.72,23.0431,-9.8894,"{'sl': 175, 'tp': 97, 'end': 3}",93
5,2,10,5,0.05,2.0,1.0,275,99,176,0.36,0.0752,20.6735,-14.1441,1.0343,6.2951,-3.4235,-58.2923,4.72,23.0431,-9.8894,"{'sl': 175, 'tp': 97, 'end': 3}",93
10,5,10,3,0.0,2.0,1.0,31,10,21,0.3226,-0.3815,-11.8253,-14.605,0.8469,6.5402,-3.6775,-23.2893,4.81,10.8623,-7.2165,"{'sl': 21, 'tp': 10}",30
7,2,5,5,0.0,4.0,2.0,143,54,89,0.3776,0.3354,47.9558,-15.3527,1.0811,11.8435,-6.6471,-62.584,16.95,28.1396,-19.6788,"{'sl': 88, 'tp': 50, 'end': 5}",81
7,2,5,5,0.05,3.0,1.0,198,55,143,0.2778,0.0742,14.6984,-16.1217,1.0314,8.7671,-3.2692,-55.9353,6.89,21.0797,-9.8894,"{'sl': 143, 'tp': 54, 'end': 1}",87
10,2,10,5,0.05,3.0,2.0,119,49,70,0.4118,0.1506,17.9181,-16.6715,1.0428,8.9107,-5.9815,-70.1491,13.6,21.0797,-13.125,"{'tp': 48, 'sl': 70, 'end': 1}",65
5,2,7,3,0.0,3.0,1.0,66,16,50,0.2424,-0.1089,-7.1876,-16.6852,0.9571,10.019,-3.3498,-28.8429,7.41,15.5339,-7.2165,"{'sl': 50, 'tp': 15, 'end': 1}",48
5,2,10,3,0.0,3.0,1.0,66,16,50,0.2424,-0.1089,-7.1876,-16.6852,0.9571,10.019,-3.3498,-28.8429,7.41,15.5339,-7.2165,"{'sl': 50, 'tp': 15, 'end': 1}",48
7,2,5,3,0.05,3.0,1.0,104,28,76,0.2692,0.0047,0.4906,-16.7201,1.0018,9.6294,-3.5412,-63.3523,8.53,17.8924,-7.2165,"{'sl': 76, 'tp': 28}",63
10,2,5,3,0.0,2.0,1.0,65,24,41,0.3692,-0.1737,-11.2925,-16.8369,0.9238,5.7044,-3.6146,-40.2121,6.49,9.3093,-7.2165,"{'sl': 41, 'tp': 23, 'end': 1}",50
10,2,10,3,0.05,3.0,1.0,99,28,71,0.2828,-0.0224,-2.2154,-17.0923,0.9911,8.8473,-3.5203,-59.1674,6.82,16.3435,-7.2165,"{'sl': 71, 'tp': 27, 'end': 1}",63
5,2,7,3,0.0,3.0,2.0,65,27,38,0.4154,0.0408,2.6549,-17.9881,1.0104,9.5729,-6.732,-56.0777,15.29,15.5339,-14.3329,"{'sl': 38, 'tp': 26, 'end': 1}",48
5,2,10,3,0.0,3.0,2.0,65,27,38,0.4154,0.0408,2.6549,-17.9881,1.0104,9.5729,-6.732,-56.0777,15.29,15.5339,-14.3329,"{'sl': 38, 'tp': 26, 'end': 1}",48
5,2,7,3,0.0,4.0,2.0,65,23,42,0.3538,0.1262,8.2001,-18.1558,1.0294,12.4833,-6.6408,-66.9778,21.23,18.7187,-14.3329,"{'sl': 42, 'tp': 20, 'end': 3}",48
5,2,10,3,0.0,4.0,2.0,65,23,42,0.3538,0.1262,8.2001,-18.1558,1.0294,12.4833,-6.6408,-66.9778,21.23,18.7187,-14.3329,"{'sl': 42, 'tp': 20, 'end': 3}",48
7,2,10,5,0.05,4.0,2.0,196,74,122,0.3776,0.317,62.1227,-19.0547,1.0798,11.3591,-6.3807,-62.3568,17.18,28.1396,-19.6788,"{'sl': 121, 'tp': 70, 'end': 5}",88
5,2,5,5,0.05,3.0,2.0,266,118,148,0.4436,0.2823,75.0841,-19.3734,1.0758,9.026,-6.6891,-74.1228,12.91,32.6001,-19.6788,"{'sl': 146, 'tp': 110, 'end': 10}",93
5,2,7,5,0.05,3.0,2.0,266,118,148,0.4436,0.2823,75.0841,-19.3734,1.0758,9.026,-6.6891,-74.1228,12.91,32.6001,-19.6788,"{'sl': 146, 'tp': 110, 'end': 10}",93
5,2,10,5,0.05,3.0,2.0,266,118,148,0.4436,0.2823,75.0841,-19.3734,1.0758,9.026,-6.6891,-74.1228,12.91,32.6001,-19.6788,"{'sl': 146, 'tp': 110, 'end': 10}",93
10,2,7,3,0.05,3.0,2.0,91,42,49,0.4615,0.1098,9.9922,-19.973,1.0277,8.8159,-7.3526,-72.1111,13.95,16.3435,-14.3329,"{'sl': 49, 'tp': 41, 'end': 1}",60
7,3,10,3,0.0,4.0,2.0,30,10,20,0.3333,-0.315,-9.4506,-20.1051,0.9283,12.2397,-6.5924,-47.9935,13.0,20.2239,-11.7953,"{'sl': 19, 'tp': 10, 'end': 1}",27
10,5,5,3,0.0,4.0,2.0,23,8,15,0.3478,-0.4746,-10.9155,-20.5641,0.9046,12.9352,-7.6265,-45.5388,20.0,21.8246,-14.3329,"{'tp': 8, 'sl': 15}",23
7,3,7,3,0.0,2.0,1.0,29,9,20,0.3103,-0.7119,-20.6439,-21.0836,0.7155,5.768,-3.6278,-38.0575,6.14,7.2817,-5.9477,"{'sl': 20, 'tp': 9}",26
7,3,7,3,0.0,3.0,1.0,29,7,22,0.2414,-0.7574,-21.9633,-22.8745,0.7244,8.2463,-3.6222,-42.8576,8.21,10.4787,-5.9477,"{'sl': 22, 'tp': 7}",26
7,3,10,3,0.0,2.0,1.0,30,9,21,0.3,-0.7671,-23.0117,-22.9522,0.6929,5.768,-3.5678,-39.5242,5.97,7.2817,-5.9477,"{'sl': 21, 'tp': 9}",27
10,2,7,3,0.0,2.0,1.0,81,29,52,0.358,-0.2324,-18.8261,-24.4191,0.9009,5.9035,-3.6544,-51.6039,6.22,9.3093,-7.2165,"{'sl': 52, 'tp': 28, 'end': 1}",57
7,3,10,3,0.0,3.0,1.0,30,7,23,0.2333,-0.811,-24.3311,-24.7006,0.7035,8.2463,-3.5676,-44.2107,7.97,10.4787,-5.9477,"{'sl': 23, 'tp': 7}",27
5,2,5,3,0.0,2.0,1.0,65,20,45,0.3077,-0.3303,-21.468,-24.9919,0.8594,6.5611,-3.3931,-37.1613,5.91,10.3226,-7.2165,"{'sl': 45, 'tp': 19, 'end': 1}",48
7,2,7,3,0.05,3.0,1.0,112,30,82,0.2679,-0.0833,-9.3338,-25.3556,0.9682,9.4763,-3.5808,-61.8834,8.19,17.8924,-7.2165,"{'sl': 82, 'tp': 30}",65
10,2,7,5,0.05,3.0,2.0,114,47,67,0.4123,0.0293,3.3441,-26.6527,1.0082,8.7356,-6.0781,-72.14,13.84,21.0797,-13.125,"{'tp': 46, 'sl': 67, 'end': 1}",64
7,3,7,3,0.0,4.0,2.0,29,9,20,0.3103,-0.6352,-18.4217,-26.6825,0.8603,12.6028,-6.5924,-52.275,13.14,20.2239,-11.7953,"{'sl': 19, 'tp': 9, 'end': 1}",26
7,2,7,5,0.05,4.0,2.0,194,73,121,0.3763,0.2613,50.698,-26.9705,1.0654,11.3056,-6.4018,-62.3568,17.28,28.1396,-19.6788,"{'sl': 120, 'tp': 69, 'end': 5}",87
7,2,5,5,0.0,3.0,2.0,145,63,82,0.4345,0.1421,20.6026,-27.1456,1.0373,9.0907,-6.7331,-63.6429,13.48,22.4541,-19.6788,"{'sl': 81, 'tp': 61, 'end': 3}",81
7,2,10,5,0.0,2.0,1.0,151,55,96,0.3642,-0.0911,-13.7495,-27.2243,0.9595,5.9291,-3.5401,-47.9024,5.27,15.5522,-9.8894,"{'sl': 96, 'tp': 55}",82
5,2,7,3,0.0,2.0,1.0,66,20,46,0.303,-0.3731,-24.6275,-27.3618,0.842,6.5611,-3.388,-39.1467,5.83,10.3226,-7.2165,"{'sl': 46, 'tp': 19, 'end': 1}",48
5,2,10,3,0.0,2.0,1.0,66,20,46,0.303,-0.3731,-24.6275,-27.3618,0.842,6.5611,-3.388,-39.1467,5.83,10.3226,-7.2165,"{'sl': 46, 'tp': 19, 'end': 1}",48
7,2,5,3,0.05,2.0,1.0,104,34,70,0.3269,-0.1958,-20.3589,-28.1654,0.917,6.6134,-3.503,-61.1798,6.47,11.8949,-7.2165,"{'sl': 70, 'tp': 34}",63
7,2,10,3,0.05,3.0,1.0,114,30,84,0.2632,-0.1175,-13.3956,-28.3568,0.955,9.4763,-3.5438,-61.8834,8.11,17.8924,-7.2165,"{'sl': 84, 'tp': 30}",65
10,2,5,3,0.0,4.0,2.0,64,25,39,0.3906,-0.0955,-6.113,-28.5917,0.9784,11.0911,-7.2664,-64.7286,16.81,18.7187,-14.3329,"{'sl': 39, 'tp': 23, 'end': 2}",50
10,2,10,3,0.05,2.0,1.0,99,34,65,0.3434,-0.2465,-24.4024,-29.8637,0.8935,6.0209,-3.5248,-59.5078,5.58,10.8623,-7.2165,"{'sl': 65, 'tp': 33, 'end': 1}",63
10,2,10,3,0.0,2.0,1.0,87,30,57,0.3448,-0.2964,-25.7865,-29.9677,0.8747,6.0026,-3.6117,-57.9863,6.0,9.3093,-7.2165,"{'sl': 57, 'tp': 29, 'end': 1}",61
7,2,7,3,0.05,2.0,1.0,112,37,75,0.3304,-0.2269,-25.4165,-32.3457,0.9046,6.512,-3.5515,-60.1358,6.23,11.8949,-7.2165,"{'sl': 75, 'tp': 37}",65
7,2,7,5,0.0,2.0,1.0,150,54,96,0.36,-0.1422,-21.33,-32.3523,0.9372,5.8985,-3.5401,-51.5734,5.29,15.5522,-9.8894,"{'sl': 96, 'tp': 54}",81
10,2,10,3,0.0,3.0,2.0,85,37,48,0.4353,-0.1247,-10.5956,-33.7189,0.9696,9.1209,-7.2514,-75.7124,12.2,14.6263,-14.3329,"{'sl': 48, 'tp': 36, 'end': 1}",61
10,2,5,3,0.0,3.0,2.0,64,28,36,0.4375,-0.3096,-19.8174,-34.2222,0.9245,8.6698,-7.2937,-68.2262,11.97,14.014,-14.3329,"{'sl': 36, 'tp': 27, 'end': 1}",50
7,2,10,3,0.05,2.0,1.0,114,37,77,0.3246,-0.2586,-29.4783,-35.0658,0.891,6.512,-3.512,-60.1358,6.18,11.8949,-7.2165,"{'sl': 77, 'tp': 37}",65
7,2,5,5,0.05,4.0,2.0,191,71,120,0.3717,0.1894,36.1766,-35.5894,1.0472,11.2979,-6.3831,-66.6689,17.21,28.1396,-19.6788,"{'sl': 119, 'tp': 67, 'end': 5}",87
7,3,5,3,0.05,3.0,1.0,64,16,48,0.25,-0.6133,-39.252,-37.0156,0.7407,7.0086,-3.154,-59.2378,6.97,11.0567,-7.7321,"{'sl': 48, 'tp': 16}",46
7,3,5,3,0.05,2.0,1.0,64,21,43,0.3281,-0.6539,-41.8499,-37.4791,0.6992,4.6318,-3.2353,-54.0663,5.25,7.3378,-7.7321,"{'sl': 43, 'tp': 21}",46
10,2,7,3,0.0,4.0,2.0,79,30,49,0.3797,-0.1665,-13.1549,-38.3125,0.9633,11.5114,-7.3162,-73.4658,16.19,18.7187,-14.3329,"{'sl': 49, 'tp': 28, 'end': 2}",57
5,2,5,3,0.05,3.0,1.0,102,24,78,0.2353,-0.329,-33.5571,-38.7862,0.8691,9.2829,-3.2865,-53.0183,7.02,16.3435,-7.2165,"{'sl': 78, 'tp': 23, 'end': 1}",61
7,2,10,5,0.05,3.0,2.0,200,86,114,0.43,0.0794,15.8782,-39.2252,1.0218,8.6456,-6.3828,-68.1929,13.47,22.4541,-19.6788,"{'sl': 113, 'tp': 83, 'end': 4}",88
7,3,10,3,0.0,3.0,2.0,30,10,20,0.3333,-1.3433,-40.2996,-39.41,0.6943,9.1548,-6.5924,-52.5507,11.73,15.1429,-11.7953,"{'sl': 19, 'tp': 10, 'end': 1}",27
5,2,7,3,0.05,3.0,1.0,103,24,79,0.233,-0.3565,-36.7166,-40.7203,0.8585,9.2829,-3.2849,-54.5027,6.96,16.3435,-7.2165,"{'sl': 79, 'tp': 23, 'end': 1}",61
5,2,10,3,0.05,3.0,1.0,103,24,79,0.233,-0.3565,-36.7166,-40.7203,0.8585,9.2829,-3.2849,-54.5027,6.96,16.3435,-7.2165,"{'sl': 79, 'tp': 23, 'end': 1}",61
7,2,10,5,0.05,2.0,1.0,203,71,132,0.3498,-0.1511,-30.6662,-41.0735,0.9301,5.7515,-3.3259,-63.9173,4.98,15.5522,-9.8894,"{'sl': 132, 'tp': 71}",88
7,3,7,3,0.0,3.0,2.0,29,9,20,0.3103,-1.6208,-47.0029,-43.2163,0.6435,9.4271,-6.5924,-55.5316,11.83,15.1429,-11.7953,"{'sl': 19, 'tp': 9, 'end': 1}",26
7,2,7,5,0.05,3.0,2.0,198,85,113,0.4293,0.0419,8.2938,-43.2786,1.0115,8.6129,-6.4053,-68.1929,13.55,22.4541,-19.6788,"{'sl': 112, 'tp': 82, 'end': 4}",87
7,2,7,5,0.05,2.0,1.0,201,70,131,0.3483,-0.1805,-36.2785,-44.126,0.917,5.7254,-3.3363,-63.4533,5.0,15.5522,-9.8894,"{'sl': 131, 'tp': 70}",87
7,2,5,5,0.0,2.0,1.0,147,51,96,0.3469,-0.2806,-41.2475,-44.1552,0.8786,5.8549,-3.5401,-56.1661,5.35,15.5522,-9.8894,"{'sl': 96, 'tp': 51}",81
7,3,5,5,0.0,4.0,2.0,155,55,100,0.3548,0.0407,6.3035,-45.9452,1.0099,11.7407,-6.3944,-77.8895,17.67,30.4284,-17.4699,"{'sl': 96, 'tp': 50, 'end': 9}",78
7,3,7,5,0.0,4.0,2.0,155,55,100,0.3548,0.0407,6.3035,-45.9452,1.0099,11.7407,-6.3944,-77.8895,17.67,30.4284,-17.4699,"{'sl': 96, 'tp': 50, 'end': 9}",78
7,3,10,5,0.0,4.0,2.0,155,55,100,0.3548,0.0407,6.3035,-45.9452,1.0099,11.7407,-6.3944,-77.8895,17.67,30.4284,-17.4699,"{'sl': 96, 'tp': 50, 'end': 9}",78
7,3,7,3,0.05,2.0,1.0,76,24,52,0.3158,-0.7579,-57.5972,-47.1492,0.6617,4.6934,-3.2738,-59.2934,5.36,7.3378,-7.7321,"{'sl': 52, 'tp': 24}",52
7,3,7,3,0.05,3.0,1.0,76,18,58,0.2368,-0.7911,-60.1245,-49.4913,0.6765,6.9848,-3.2043,-63.8764,6.87,11.0567,-7.7321,"{'sl': 58, 'tp': 18}",52
7,3,10,3,0.05,2.0,1.0,78,24,54,0.3077,-0.8257,-64.4023,-50.6903,0.6362,4.6934,-3.2786,-62.0208,5.27,7.3378,-7.7321,"{'sl': 54, 'tp': 24}",53
10,2,7,3,0.0,3.0,2.0,79,33,46,0.4177,-0.5881,-46.4577,-52.3768,0.8628,8.8547,-7.3622,-80.9757,12.41,14.014,-14.3329,"{'sl': 46, 'tp': 32, 'end': 1}",57
7,3,10,3,0.05,3.0,1.0,78,18,60,0.2308,-0.8581,-66.9296,-52.8754,0.6526,6.9848,-3.2109,-66.2967,6.74,11.0567,-7.7321,"{'sl': 60, 'tp': 18}",53
7,2,5,5,0.05,2.0,1.0,198,67,131,0.3384,-0.2838,-56.196,-53.8746,0.8714,5.6845,-3.3363,-69.0513,5.04,15.5522,-9.8894,"{'sl': 131, 'tp': 67}",87
5,2,5,3,0.05,2.0,1.0,103,28,75,0.2718,-0.7182,-73.9788,-56.9397,0.7,6.1648,-3.2879,-65.2236,5.79,10.8623,-7.2165,"{'sl': 75, 'tp': 27, 'end': 1}",61
7,2,5,5,0.05,3.0,2.0,195,82,113,0.4205,-0.1114,-21.7324,-57.2942,0.97,8.5619,-6.4053,-72.4019,13.71,22.4541,-19.6788,"{'sl': 112, 'tp': 79, 'end': 4}",87
5,2,7,3,0.05,2.0,1.0,104,28,76,0.2692,-0.7417,-77.1383,-58.3002,0.6911,6.1648,-3.2862,-66.3223,5.74,10.8623,-7.2165,"{'sl': 76, 'tp': 27, 'end': 1}",61
5,2,10,3,0.05,2.0,1.0,104,28,76,0.2692,-0.7417,-77.1383,-58.3002,0.6911,6.1648,-3.2862,-66.3223,5.74,10.8623,-7.2165,"{'sl': 76, 'tp': 27, 'end': 1}",61
