indicator,tp_pct,sl_pct,ma_window,k,accel_window,min_angle_delta,n_trades,n_win,win_rate,avg_return,total_return,cum_return,profit_factor,max_drawdown,avg_holding_bars,tickers_hit,exit_counts,label
angle_accel,3.0,5.0,5,3,3,2.0,688,399,0.5799418604651163,-0.4531976744186046,-311.79999999999995,-97.45335037592362,0.7877323166995707,-98.9020953440382,1.870639534883721,93,"{'tp': 399, 'sl': 288, 'end': 1}",MA 각도 가속
angle_accel,3.0,5.0,5,3,5,5.0,65,25,0.38461538461538464,-2.0230769230769226,-131.49999999999997,-74.82132534510517,0.3553921568627451,-76.449062889928,1.6307692307692307,29,"{'sl': 40, 'tp': 25}",MA 각도 가속
angle_accel,3.0,5.0,5,3,3,5.0,28,12,0.42857142857142855,-1.6714285714285713,-46.8,-39.01206960275725,0.4264705882352941,-41.016361489130325,2.25,18,"{'sl': 16, 'tp': 12}",MA 각도 가속
angle_accel,3.0,5.0,5,3,5,10.0,4,3,0.75,0.9,3.6,3.3980472160999753,1.7058823529411764,-5.100000000000005,2.75,2,"{'tp': 3, 'sl': 1}",MA 각도 가속
angle_accel,3.0,5.0,5,3,3,1.0,4118,2619,0.6359883438562409,-0.011105463817387027,-45.73229999999978,-97.13274232159128,0.9940109517460074,-99.71248310482501,2.8271005342399222,102,"{'sl': 1495, 'tp': 2617, 'end': 6}",MA 각도 가속
angle_accel,3.0,5.0,5,3,10,3.0,416,212,0.5096153846153846,-1.0230769230769232,-425.6,-99.01288719701168,0.590926566705113,-99.20767215868611,1.6274038461538463,73,"{'tp': 212, 'sl': 204}",MA 각도 가속
angle_accel,3.0,5.0,5,3,5,2.0,1354,802,0.5923190546528804,-0.3577548005908418,-484.3999999999998,-99.7306114732843,0.8276279268379471,-99.8008093843763,2.001477104874446,100,"{'tp': 802, 'sl': 551, 'end': 1}",MA 각도 가속
angle_accel,3.0,5.0,5,3,5,3.0,369,206,0.5582655826558266,-0.6338753387533874,-233.89999999999995,-92.88852272274364,0.7186334656562006,-95.79637884216079,1.6314363143631436,72,"{'tp': 206, 'sl': 163}",MA 각도 가속
angle_accel,3.0,5.0,5,3,3,20.0,1,0,0.0,-5.1,-5.1,-5.100000000000005,0.0,0.0,6.0,1,{'sl': 1},MA 각도 가속
angle_accel,3.0,5.0,5,3,3,10.0,4,2,0.5,-1.0999999999999999,-4.3999999999999995,-4.640673655900018,0.5686274509803921,-9.939900000000012,4.25,2,"{'tp': 2, 'sl': 2}",MA 각도 가속
angle_accel,3.0,5.0,5,3,5,20.0,1,0,0.0,-5.1,-5.1,-5.100000000000005,0.0,0.0,6.0,1,{'sl': 1},MA 각도 가속
angle_accel,3.0,5.0,5,3,3,3.0,192,102,0.53125,-0.8499999999999996,-163.19999999999993,-83.39161727418077,0.6444444444444438,-86.07682974831886,1.453125,55,"{'tp': 102, 'sl': 90}",MA 각도 가속
angle_accel,3.0,5.0,5,3,10,2.0,1429,840,0.5878236529041287,-0.39490363890832747,-564.3172999999999,-99.88654917603932,0.8119141265492148,-99.94447053569027,1.9650104968509448,98,"{'tp': 840, 'sl': 588, 'end': 1}",MA 각도 가속
angle_accel,3.0,5.0,5,3,10,10.0,3,2,0.6666666666666666,0.2333333333333334,0.7000000000000002,0.48401089999998703,1.1372549019607843,-5.100000000000005,6.0,2,"{'tp': 2, 'sl': 1}",MA 각도 가속
angle_accel,3.0,5.0,5,3,10,20.0,1,0,0.0,-5.1,-5.1,-5.100000000000005,0.0,0.0,6.0,1,{'sl': 1},MA 각도 가속
angle_accel,3.0,5.0,5,3,10,5.0,65,38,0.5846153846153846,-0.42307692307692285,-27.499999999999986,-27.893904983734274,0.8002904865649967,-44.78721173158111,1.5384615384615385,21,"{'sl': 27, 'tp': 38}",MA 각도 가속
angle_accel,3.0,5.0,5,5,3,5.0,9,4,0.4444444444444444,-1.544444444444444,-13.899999999999997,-13.703623363602679,0.4549019607843137,-18.891783879900014,1.6666666666666667,6,"{'tp': 4, 'sl': 5}",MA 각도 가속
angle_accel,3.0,5.0,5,5,3,3.0,82,38,0.4634146341463415,-1.3926829268292682,-114.19999999999999,-70.38596483344202,0.49108734402852067,-73.21074861261,1.6219512195121952,31,"{'sl': 44, 'tp': 38}",MA 각도 가속
angle_accel,3.0,5.0,5,5,3,10.0,2,1,0.5,-1.0999999999999999,-2.1999999999999997,-2.347900000000014,0.5686274509803921,-5.100000000000005,4.0,2,"{'tp': 1, 'sl': 1}",MA 각도 가속
angle_accel,3.0,5.0,5,5,3,20.0,1,0,0.0,-5.1,-5.1,-5.100000000000005,0.0,0.0,5.0,1,{'sl': 1},MA 각도 가속
angle_accel,3.0,5.0,5,5,3,2.0,278,156,0.5611510791366906,-0.6107913669064746,-169.79999999999995,-85.4361439037886,0.7270973963355832,-90.43377721779729,1.5179856115107915,60,"{'tp': 156, 'sl': 122}",MA 각도 가속
angle_accel,3.0,5.0,5,3,5,1.0,6218,3901,0.6273721453843679,-0.07889548086201342,-490.57209999999947,-99.9934108931818,0.958422353698642,-99.99917850960173,3.1325184946928273,102,"{'tp': 3899, 'sl': 2311, 'end': 8}",MA 각도 가속
angle_accel,3.0,5.0,5,5,5,5.0,38,16,0.42105263157894735,-1.7315789473684207,-65.79999999999998,-50.053774961687324,0.413547237076649,-51.927869393807754,2.0,19,"{'tp': 16, 'sl': 22}",MA 각도 가속
angle_accel,3.0,5.0,5,5,5,3.0,234,128,0.5470085470085471,-0.7239316239316237,-169.39999999999995,-84.8857539877194,0.6866444691083977,-85.24627524129161,1.5555555555555556,57,"{'sl': 106, 'tp': 128}",MA 각도 가속
angle_accel,3.0,5.0,5,5,5,10.0,2,1,0.5,-1.0999999999999999,-2.1999999999999997,-2.347900000000014,0.5686274509803921,-5.100000000000005,4.0,2,"{'tp': 1, 'sl': 1}",MA 각도 가속
angle_accel,3.0,5.0,5,5,5,20.0,1,0,0.0,-5.1,-5.1,-5.100000000000005,0.0,0.0,5.0,1,{'sl': 1},MA 각도 가속
angle_accel,3.0,5.0,5,5,3,1.0,2237,1366,0.6106392489941886,-0.21265087170317382,-475.6999999999998,-99.84844431721959,0.8927903360302897,-99.86323636501872,2.314260169870362,101,"{'sl': 870, 'tp': 1366, 'end': 1}",MA 각도 가속
angle_accel,3.0,5.0,5,5,5,2.0,810,459,0.5666666666666667,-0.5604938271604938,-453.99999999999994,-99.44868875127273,0.7456725113439019,-99.74560056212862,1.8296296296296297,93,"{'tp': 459, 'sl': 350, 'end': 1}",MA 각도 가속
angle_accel,3.0,5.0,5,3,10,1.0,6305,3916,0.6210943695479778,-0.13045202220459945,-822.4999999999995,-99.99978625875522,0.9324651651626992,-99.99992694246835,3.0897700237906425,102,"{'sl': 2388, 'tp': 3916, 'end': 1}",MA 각도 가속
angle_accel,3.0,5.0,5,5,10,5.0,45,21,0.4666666666666667,-1.3666666666666665,-61.49999999999999,-48.10661886376977,0.4975490196078431,-50.99039314096239,1.8222222222222222,21,"{'tp': 21, 'sl': 24}",MA 각도 가속
angle_accel,3.0,5.0,5,5,10,10.0,3,1,0.3333333333333333,-2.433333333333333,-7.299999999999999,-7.328157100000022,0.28431372549019607,-9.939900000000012,3.0,2,"{'tp': 1, 'sl': 2}",MA 각도 가속
angle_accel,3.0,5.0,5,5,10,20.0,1,0,0.0,-5.1,-5.1,-5.100000000000005,0.0,0.0,5.0,1,{'sl': 1},MA 각도 가속
angle_accel,3.0,5.0,5,5,10,3.0,294,161,0.5476190476190477,-0.7190476190476189,-211.39999999999998,-90.55326811287048,0.6883384932920533,-95.61640281826162,1.41156462585034,54,"{'sl': 133, 'tp': 161}",MA 각도 가속
angle_accel,3.0,5.0,5,10,3,2.0,33,16,0.48484848484848486,-1.2212121212121212,-40.3,-35.11092138875711,0.5351787773933103,-32.28085423262602,1.5757575757575757,16,"{'sl': 17, 'tp': 16}",MA 각도 가속
angle_accel,3.0,5.0,5,10,3,3.0,6,4,0.6666666666666666,0.2333333333333333,1.4,0.9703644655131516,1.1372549019607843,-9.939900000000012,3.5,2,"{'tp': 4, 'sl': 2}",MA 각도 가속
angle_accel,3.0,5.0,5,5,10,2.0,1031,600,0.5819592628516004,-0.43947623666343355,-453.09999999999997,-99.52873879496876,0.7933974738953988,-99.7029802509862,1.8428709990300678,92,"{'tp': 600, 'sl': 430, 'end': 1}",MA 각도 가속
angle_accel,3.0,5.0,5,10,3,5.0,2,0,0.0,-5.1,-10.2,-9.939900000000012,0.0,-5.100000000000005,3.5,2,{'sl': 2},MA 각도 가속
angle_accel,3.0,5.0,5,10,3,1.0,349,177,0.5071633237822349,-1.0426934097421203,-363.9,-98.06219590002198,0.5851573187414497,-98.85411770299227,1.4297994269340975,65,"{'tp': 177, 'sl': 172}",MA 각도 가속
angle_accel,3.0,5.0,5,10,3,20.0,0,0,0.0,0.0,0.0,0.0,0.0,0.0,0.0,0,{},MA 각도 가속
angle_accel,3.0,5.0,5,10,3,10.0,1,0,0.0,-5.1,-5.1,-5.100000000000005,0.0,0.0,5.0,1,{'sl': 1},MA 각도 가속
angle_accel,3.0,5.0,5,10,5,3.0,27,12,0.4444444444444444,-1.5444444444444443,-41.699999999999996,-35.73453066676212,0.4549019607843138,-41.01636148913034,1.5925925925925926,14,"{'tp': 12, 'sl': 15}",MA 각도 가속
angle_accel,3.0,5.0,5,10,5,5.0,5,3,0.6,-0.3,-1.5,-1.8752531919211335,0.8529411764705882,-9.939900000000012,2.0,2,"{'tp': 3, 'sl': 2}",MA 각도 가속
angle_accel,3.0,5.0,5,10,5,2.0,138,59,0.427536231884058,-1.679710144927536,-231.79999999999995,-91.35951953325826,0.42467113427649517,-92.10785953063076,1.5289855072463767,40,"{'sl': 79, 'tp': 59}",MA 각도 가속
angle_accel,3.0,5.0,5,10,5,10.0,2,0,0.0,-5.1,-10.2,-9.939900000000012,0.0,-5.100000000000005,3.0,2,{'sl': 2},MA 각도 가속
angle_accel,3.0,5.0,5,10,5,20.0,1,0,0.0,-5.1,-5.1,-5.100000000000005,0.0,0.0,3.0,1,{'sl': 1},MA 각도 가속
angle_accel,3.0,5.0,5,10,5,1.0,1089,634,0.5821854912764004,-0.43792470156106506,-476.89999999999986,-99.64537158613737,0.7940401641114226,-99.76916040014986,1.8071625344352618,96,"{'tp': 634, 'sl': 454, 'end': 1}",MA 각도 가속
angle_accel,3.0,5.0,5,5,5,1.0,4560,2844,0.6236842105263158,-0.10799984649122799,-492.4792999999996,-99.97762394769758,0.9436527652558023,-99.99067958241605,2.8157894736842106,102,"{'sl': 1713, 'tp': 2844, 'end': 3}",MA 각도 가속
angle_accel,3.0,5.0,5,10,10,5.0,11,6,0.5454545454545454,-0.7363636363636362,-8.099999999999998,-8.625858265940444,0.6823529411764705,-9.939900000000002,1.7272727272727273,3,"{'sl': 5, 'tp': 6}",MA 각도 가속
angle_accel,3.0,5.0,5,10,10,2.0,402,221,0.5497512437810945,-0.7019900497512436,-282.19999999999993,-95.74418959695265,0.6942909760589313,-98.05356262396664,1.5572139303482586,61,"{'sl': 181, 'tp': 221}",MA 각도 가속
angle_accel,3.0,5.0,5,10,10,3.0,110,52,0.4727272727272727,-1.318181818181818,-144.99999999999997,-78.76560907616776,0.5098039215686274,-80.04222615874622,1.4727272727272727,30,"{'sl': 58, 'tp': 52}",MA 각도 가속
angle_accel,3.0,5.0,5,10,10,20.0,1,0,0.0,-5.1,-5.1,-5.100000000000005,0.0,0.0,3.0,1,{'sl': 1},MA 각도 가속
angle_accel,3.0,5.0,5,10,10,10.0,4,2,0.5,-1.0999999999999996,-4.399999999999999,-4.640673655900029,0.5686274509803921,-9.939900000000012,2.25,2,"{'tp': 2, 'sl': 2}",MA 각도 가속
angle_accel,3.0,5.0,10,3,3,3.0,14,6,0.42857142857142855,-1.671428571428572,-23.400000000000006,-21.90523039457586,0.4264705882352941,-28.323659536185485,2.642857142857143,11,"{'tp': 6, 'sl': 8}",MA 각도 가속
angle_accel,3.0,5.0,10,3,3,5.0,2,1,0.5,-1.0999999999999999,-2.1999999999999997,-2.347900000000014,0.5686274509803921,0.0,9.0,1,"{'sl': 1, 'tp': 1}",MA 각도 가속
angle_accel,3.0,5.0,10,3,3,10.0,2,1,0.5,-1.0999999999999999,-2.1999999999999997,-2.347900000000014,0.5686274509803921,0.0,8.5,1,"{'sl': 1, 'tp': 1}",MA 각도 가속
angle_accel,3.0,5.0,10,3,3,2.0,77,38,0.4935064935064935,-1.1519480519480514,-88.69999999999996,-61.52607220175592,0.5540472599296131,-66.6632502540245,1.6103896103896105,32,"{'sl': 39, 'tp': 38}",MA 각도 가속
angle_accel,3.0,5.0,10,3,3,20.0,1,0,0.0,-5.1,-5.1,-5.100000000000005,0.0,0.0,5.0,1,{'sl': 1},MA 각도 가속
angle_accel,3.0,5.0,10,3,5,3.0,40,20,0.5,-1.1,-44.0,-37.82271652569108,0.5686274509803922,-47.62313561435628,1.95,20,"{'tp': 20, 'sl': 20}",MA 각도 가속
angle_accel,3.0,5.0,10,3,3,1.0,712,419,0.5884831460674157,-0.3871029494382021,-275.6172999999999,-96.39308422759012,0.815110953632858,-98.14864946454269,1.723314606741573,92,"{'tp': 419, 'sl': 292, 'end': 1}",MA 각도 가속
angle_accel,3.0,5.0,5,5,10,1.0,5204,3244,0.6233666410453498,-0.11313921983089924,-588.7764999999996,-99.99479449529748,0.9410776709655627,-99.99856013249743,2.878554957724827,101,"{'sl': 1959, 'tp': 3242, 'end': 3}",MA 각도 가속
angle_accel,3.0,5.0,5,10,10,1.0,2660,1651,0.6206766917293233,-0.13244075187969914,-352.2923999999997,-99.61478144493653,0.9314084275842041,-99.92997229782824,2.354511278195489,98,"{'tp': 1648, 'sl': 1007, 'end': 5}",MA 각도 가속
angle_accel,3.0,5.0,10,3,5,2.0,182,92,0.5054945054945055,-1.0560439560439558,-192.19999999999996,-87.52117780776774,0.5812636165577337,-90.31277489272098,1.521978021978022,46,"{'tp': 92, 'sl': 90}",MA 각도 가속
angle_accel,3.0,5.0,10,3,5,5.0,4,3,0.75,0.9,3.6,3.3980472160999753,1.7058823529411764,-5.100000000000005,5.0,2,"{'tp': 3, 'sl': 1}",MA 각도 가속
angle_accel,3.0,5.0,10,3,5,10.0,2,1,0.5,-1.0999999999999999,-2.1999999999999997,-2.347900000000014,0.5686274509803921,0.0,7.5,1,"{'sl': 1, 'tp': 1}",MA 각도 가속
angle_accel,3.0,5.0,10,3,5,20.0,1,0,0.0,-5.1,-5.1,-5.100000000000005,0.0,0.0,5.0,1,{'sl': 1},MA 각도 가속
angle_accel,3.0,5.0,10,3,10,5.0,10,6,0.6,-0.2999999999999999,-2.9999999999999987,-3.715340638504161,0.8529411764705882,-7.328157100000022,2.4,4,"{'sl': 4, 'tp': 6}",MA 각도 가속
angle_accel,3.0,5.0,10,3,10,10.0,2,1,0.5,-1.0999999999999999,-2.1999999999999997,-2.347900000000014,0.5686274509803921,0.0,5.0,1,"{'sl': 1, 'tp': 1}",MA 각도 가속
angle_accel,3.0,5.0,10,3,10,3.0,107,55,0.514018691588785,-0.9878504672897197,-105.7,-68.32703957370063,0.6014328808446455,-73.44786499262386,1.3738317757009346,33,"{'tp': 55, 'sl': 52}",MA 각도 가속
angle_accel,3.0,5.0,10,3,10,20.0,1,0,0.0,-5.1,-5.1,-5.100000000000005,0.0,0.0,5.0,1,{'sl': 1},MA 각도 가속
angle_accel,3.0,5.0,10,3,5,1.0,1487,874,0.5877605917955615,-0.39550591795561524,-588.1172999999999,-99.9146272060525,0.8116648919836578,-99.94628725525739,2.0316072629455277,98,"{'tp': 874, 'sl': 612, 'end': 1}",MA 각도 가속
angle_accel,3.0,5.0,10,3,10,2.0,440,243,0.5522727272727272,-0.6749059090909091,-296.9586,-96.4348319104461,0.7035331199672219,-98.83823618600235,1.6681818181818182,66,"{'tp': 243, 'sl': 196, 'end': 1}",MA 각도 가속
angle_accel,3.0,5.0,10,5,3,3.0,4,3,0.75,0.9,3.6,3.3980472160999753,1.7058823529411764,-5.100000000000005,5.0,2,"{'tp': 3, 'sl': 1}",MA 각도 가속
angle_accel,3.0,5.0,10,5,3,2.0,31,14,0.45161290322580644,-1.4870967741935484,-46.1,-38.71688137195021,0.4682814302191465,-40.44400522055413,2.032258064516129,17,"{'tp': 14, 'sl': 17}",MA 각도 가속
angle_accel,3.0,5.0,10,5,3,5.0,2,1,0.5,-1.0999999999999999,-2.1999999999999997,-2.347900000000014,0.5686274509803921,0.0,7.5,1,"{'sl': 1, 'tp': 1}",MA 각도 가속
angle_accel,3.0,5.0,10,5,3,10.0,1,0,0.0,-5.1,-5.1,-5.100000000000005,0.0,0.0,5.0,1,{'sl': 1},MA 각도 가속
angle_accel,3.0,5.0,10,5,3,20.0,0,0,0.0,0.0,0.0,0.0,0.0,0.0,0.0,0,{},MA 각도 가속
angle_accel,3.0,5.0,10,5,3,1.0,336,166,0.49404761904761907,-1.1476190476190475,-385.59999999999997,-98.42888374035283,0.5552479815455592,-98.87059651343047,1.4970238095238095,66,"{'tp': 166, 'sl': 170}",MA 각도 가속
angle_accel,3.0,5.0,10,5,5,5.0,4,3,0.75,0.9,3.6,3.3980472160999753,1.7058823529411764,-5.100000000000005,4.5,2,"{'tp': 3, 'sl': 1}",MA 각도 가속
angle_accel,3.0,5.0,10,5,5,3.0,27,15,0.5555555555555556,-0.6555555555555554,-17.699999999999996,-18.073354952800734,0.71078431372549,-26.925866964307467,2.111111111111111,15,"{'tp': 15, 'sl': 12}",MA 각도 가속
angle_accel,3.0,5.0,10,5,5,2.0,123,60,0.4878048780487805,-1.1975609756097565,-147.30000000000004,-79.45558077185696,0.5415499533146589,-81.77074119693326,1.6260162601626016,39,"{'sl': 63, 'tp': 60}",MA 각도 가속
angle_accel,3.0,5.0,10,5,5,10.0,1,0,0.0,-5.1,-5.1,-5.100000000000005,0.0,0.0,5.0,1,{'sl': 1},MA 각도 가속
angle_accel,3.0,5.0,10,5,5,20.0,1,0,0.0,-5.1,-5.1,-5.100000000000005,0.0,0.0,3.0,1,{'sl': 1},MA 각도 가속
angle_accel,3.0,5.0,10,5,10,5.0,10,6,0.6,-0.2999999999999999,-2.9999999999999987,-3.71534063850415,0.8529411764705882,-9.939900000000002,1.9,3,"{'sl': 4, 'tp': 6}",MA 각도 가속
angle_accel,3.0,5.0,10,5,10,10.0,2,0,0.0,-5.1,-10.2,-9.939900000000012,0.0,-5.100000000000005,3.0,2,{'sl': 2},MA 각도 가속
angle_accel,3.0,5.0,10,5,10,3.0,83,40,0.4819277108433735,-1.244578313253012,-103.29999999999998,-66.95831969463285,0.5289557683538532,-72.04236431572379,1.5060240963855422,28,"{'tp': 40, 'sl': 43}",MA 각도 가속
angle_accel,3.0,5.0,10,5,10,2.0,348,190,0.5459770114942529,-0.732183908045977,-254.8,-94.1523311827748,0.6837925043435091,-96.6544542889673,1.5689655172413792,58,"{'sl': 158, 'tp': 190}",MA 각도 가속
angle_accel,3.0,5.0,10,5,10,20.0,1,0,0.0,-5.1,-5.1,-5.100000000000005,0.0,0.0,3.0,1,{'sl': 1},MA 각도 가속
angle_accel,3.0,5.0,10,3,10,1.0,3243,2017,0.6219549799568301,-0.121891304347826,-395.2934999999997,-99.83894201023273,0.9366520542523735,-99.91395994910135,2.501387604070305,99,"{'sl': 1223, 'tp': 2015, 'end': 5}",MA 각도 가속
angle_accel,3.0,5.0,10,5,5,1.0,1071,625,0.5835667600373483,-0.42679738562091496,-457.0999999999999,-99.56082334670091,0.7985988720479377,-99.68349642049444,1.8860877684407096,97,"{'tp': 625, 'sl': 445, 'end': 1}",MA 각도 가속
angle_accel,3.0,5.0,10,10,3,2.0,7,5,0.7142857142857143,0.6142857142857142,4.3,3.8985050350130335,1.4215686274509804,-9.939900000000012,2.5714285714285716,2,"{'tp': 5, 'sl': 2}",MA 각도 가속
angle_accel,3.0,5.0,10,10,3,3.0,4,2,0.5,-1.0999999999999996,-4.399999999999999,-4.640673655900029,0.5686274509803921,-9.939900000000012,3.25,2,"{'tp': 2, 'sl': 2}",MA 각도 가속
angle_accel,3.0,5.0,10,10,3,5.0,2,0,0.0,-5.1,-10.2,-9.939900000000012,0.0,-5.100000000000005,3.0,2,{'sl': 2},MA 각도 가속
angle_accel,3.0,5.0,10,10,3,1.0,105,52,0.49523809523809526,-1.1380952380952378,-119.49999999999997,-72.41272867245783,0.5578986311505734,-77.53337874117263,1.438095238095238,32,"{'tp': 52, 'sl': 53}",MA 각도 가속
angle_accel,3.0,5.0,10,10,3,10.0,0,0,0.0,0.0,0.0,0.0,0.0,0.0,0.0,0,{},MA 각도 가속
angle_accel,3.0,5.0,10,10,3,20.0,0,0,0.0,0.0,0.0,0.0,0.0,0.0,0.0,0,{},MA 각도 가속
angle_accel,3.0,5.0,10,10,5,3.0,8,5,0.625,-0.09999999999999992,-0.7999999999999994,-1.4003187217726532,0.9477124183006537,-14.532965100000016,2.25,2,"{'tp': 5, 'sl': 3}",MA 각도 가속
angle_accel,3.0,5.0,10,10,5,5.0,4,2,0.5,-1.0999999999999996,-4.399999999999999,-4.640673655900029,0.5686274509803921,-9.939900000000012,2.5,2,"{'tp': 2, 'sl': 2}",MA 각도 가속
angle_accel,3.0,5.0,10,10,5,10.0,1,0,0.0,-5.1,-5.1,-5.100000000000005,0.0,0.0,3.0,1,{'sl': 1},MA 각도 가속
angle_accel,3.0,5.0,10,10,5,2.0,35,19,0.5428571428571428,-0.7571428571428569,-26.499999999999993,-25.500815410436893,0.6752450980392156,-30.343692454990755,1.542857142857143,14,"{'sl': 16, 'tp': 19}",MA 각도 가속
angle_accel,3.0,5.0,10,10,5,20.0,0,0,0.0,0.0,0.0,0.0,0.0,0.0,0.0,0,{},MA 각도 가속
angle_accel,3.0,5.0,10,10,10,5.0,7,3,0.42857142857142855,-1.6714285714285713,-11.7,-11.628754899897364,0.4264705882352941,-18.891783879900014,1.8571428571428572,2,"{'tp': 3, 'sl': 4}",MA 각도 가속
angle_accel,3.0,5.0,10,10,10,3.0,54,25,0.46296296296296297,-1.3962962962962957,-75.39999999999996,-55.2178923653176,0.49019607843137264,-59.29343265445435,1.537037037037037,17,"{'sl': 29, 'tp': 25}",MA 각도 가속
angle_accel,3.0,5.0,10,10,10,10.0,4,1,0.25,-3.0999999999999996,-12.399999999999999,-12.054421087900025,0.18954248366013074,-9.939900000000012,1.75,2,"{'sl': 3, 'tp': 1}",MA 각도 가속
angle_accel,3.0,5.0,10,5,10,1.0,2610,1616,0.6191570881226054,-0.14455647509578531,-377.2923999999997,-99.6894182771037,0.9254302232116217,-99.93934589366503,2.393486590038314,98,"{'tp': 1613, 'sl': 992, 'end': 5}",MA 각도 가속
angle_accel,3.0,5.0,10,10,10,2.0,205,120,0.5853658536585366,-0.41707317073170724,-85.49999999999999,-63.90284055243982,0.8027681660899648,-77.82250622585896,1.551219512195122,40,"{'tp': 120, 'sl': 85}",MA 각도 가속
angle_accel,3.0,5.0,10,10,5,1.0,403,225,0.5583126550868487,-0.6334987593052108,-255.29999999999995,-94.41728916351101,0.718770654329147,-96.896055418987,1.58560794044665,62,"{'sl': 178, 'tp': 225}",MA 각도 가속
angle_accel,3.0,5.0,10,10,10,20.0,0,0,0.0,0.0,0.0,0.0,0.0,0.0,0.0,0,{},MA 각도 가속
angle_accel,3.0,5.0,20,3,3,2.0,8,5,0.625,-0.09999999999999992,-0.7999999999999994,-1.4003187217726532,0.9477124183006537,-9.939900000000012,2.625,5,"{'tp': 5, 'sl': 3}",MA 각도 가속
angle_accel,3.0,5.0,20,3,3,3.0,4,3,0.75,0.9,3.6,3.3980472160999753,1.7058823529411764,-5.100000000000005,3.0,2,"{'tp': 3, 'sl': 1}",MA 각도 가속
angle_accel,3.0,5.0,20,3,3,10.0,1,0,0.0,-5.1,-5.1,-5.100000000000005,0.0,0.0,5.0,1,{'sl': 1},MA 각도 가속
angle_accel,3.0,5.0,20,3,3,5.0,2,1,0.5,-1.0999999999999999,-2.1999999999999997,-2.347900000000014,0.5686274509803921,0.0,3.5,1,"{'sl': 1, 'tp': 1}",MA 각도 가속
angle_accel,3.0,5.0,20,3,3,1.0,77,43,0.5584415584415584,-0.6324675324675324,-48.699999999999996,-42.3349945629219,0.7191464821222608,-56.47997314413762,1.5324675324675325,29,"{'sl': 34, 'tp': 43}",MA 각도 가속
angle_accel,3.0,5.0,20,3,3,20.0,0,0,0.0,0.0,0.0,0.0,0.0,0.0,0.0,0,{},MA 각도 가속
angle_accel,3.0,5.0,20,3,5,3.0,6,5,0.8333333333333334,1.5666666666666667,9.4,9.482091712342488,2.843137254901961,-5.100000000000005,2.3333333333333335,2,"{'tp': 5, 'sl': 1}",MA 각도 가속
angle_accel,3.0,5.0,20,3,5,5.0,4,3,0.75,0.9,3.6,3.3980472160999753,1.7058823529411764,-5.100000000000005,2.75,2,"{'tp': 3, 'sl': 1}",MA 각도 가속
angle_accel,3.0,5.0,20,3,5,10.0,1,0,0.0,-5.1,-5.1,-5.100000000000005,0.0,0.0,5.0,1,{'sl': 1},MA 각도 가속
angle_accel,3.0,5.0,20,3,5,2.0,18,9,0.5,-1.1,-19.8,-19.251533250079056,0.5686274509803921,-25.888063644452487,1.6666666666666667,10,"{'tp': 9, 'sl': 9}",MA 각도 가속
angle_accel,3.0,5.0,20,3,5,20.0,0,0,0.0,0.0,0.0,0.0,0.0,0.0,0.0,0,{},MA 각도 가속
angle_accel,3.0,5.0,20,3,5,1.0,184,103,0.5597826086956522,-0.6217391304347825,-114.39999999999998,-72.62546144418177,0.723069474703461,-83.16864658195071,1.3967391304347827,49,"{'sl': 81, 'tp': 103}",MA 각도 가속
angle_accel,3.0,5.0,20,3,10,3.0,11,6,0.5454545454545454,-0.7363636363636362,-8.099999999999998,-8.625858265940433,0.6823529411764705,-12.054421087900014,1.9090909090909092,4,"{'sl': 5, 'tp': 6}",MA 각도 가속
angle_accel,3.0,5.0,20,3,10,5.0,5,2,0.4,-1.9,-9.5,-9.503999299449116,0.3790849673202615,-14.532965100000006,2.8,2,"{'tp': 2, 'sl': 3}",MA 각도 가속
angle_accel,3.0,5.0,20,3,10,2.0,49,25,0.5102040816326531,-1.0183673469387753,-49.89999999999999,-41.82003343686102,0.5923202614379085,-50.99039314096239,1.6938775510204083,20,"{'tp': 25, 'sl': 24}",MA 각도 가속
angle_accel,3.0,5.0,20,3,10,10.0,1,0,0.0,-5.1,-5.1,-5.100000000000005,0.0,0.0,5.0,1,{'sl': 1},MA 각도 가속
angle_accel,3.0,5.0,20,3,10,20.0,0,0,0.0,0.0,0.0,0.0,0.0,0.0,0.0,0,{},MA 각도 가속
angle_accel,3.0,5.0,10,10,10,1.0,1522,918,0.6031537450722734,-0.2640609724047305,-401.9007999999998,-99.45032683028741,0.8686264935412018,-99.81030449060407,2.0775295663600524,94,"{'sl': 599, 'tp': 915, 'end': 8}",MA 각도 가속
angle_accel,3.0,5.0,20,5,3,2.0,6,5,0.8333333333333334,1.5666666666666667,9.4,9.482091712342488,2.843137254901961,-5.100000000000005,2.3333333333333335,2,"{'tp': 5, 'sl': 1}",MA 각도 가속
angle_accel,3.0,5.0,20,5,3,3.0,3,2,0.6666666666666666,0.2333333333333334,0.7000000000000002,0.48401089999998703,1.1372549019607843,-5.100000000000005,3.6666666666666665,2,"{'tp': 2, 'sl': 1}",MA 각도 가속
angle_accel,3.0,5.0,20,5,3,5.0,1,0,0.0,-5.1,-5.1,-5.100000000000005,0.0,0.0,5.0,1,{'sl': 1},MA 각도 가속
angle_accel,3.0,5.0,20,5,3,1.0,37,15,0.40540540540540543,-1.8567567567567558,-68.69999999999996,-51.46139452059021,0.38770053475935834,-56.70619110393267,1.5405405405405406,17,"{'tp': 15, 'sl': 22}",MA 각도 가속
angle_accel,3.0,5.0,20,5,3,20.0,0,0,0.0,0.0,0.0,0.0,0.0,0.0,0.0,0,{},MA 각도 가속
angle_accel,3.0,5.0,20,5,3,10.0,0,0,0.0,0.0,0.0,0.0,0.0,0.0,0.0,0,{},MA 각도 가속
angle_accel,3.0,5.0,20,5,5,3.0,6,4,0.6666666666666666,0.2333333333333334,1.4000000000000004,0.9703644655131516,1.1372549019607843,-7.328157100000022,2.6666666666666665,2,"{'tp': 4, 'sl': 2}",MA 각도 가속
angle_accel,3.0,5.0,20,5,5,2.0,11,5,0.45454545454545453,-1.4636363636363634,-16.099999999999998,-15.729775990648676,0.4738562091503268,-12.054421087900025,2.6363636363636362,5,"{'sl': 6, 'tp': 5}",MA 각도 가속
angle_accel,3.0,5.0,20,3,10,1.0,525,308,0.5866666666666667,-0.4066666666666666,-213.49999999999997,-92.22494403890622,0.8070841239721691,-97.14679207185883,1.6247619047619049,76,"{'sl': 217, 'tp': 308}",MA 각도 가속
angle_accel,3.0,5.0,20,5,5,5.0,3,2,0.6666666666666666,0.2333333333333334,0.7000000000000002,0.48401089999998703,1.1372549019607843,-5.100000000000005,2.6666666666666665,2,"{'tp': 2, 'sl': 1}",MA 각도 가속
angle_accel,3.0,5.0,20,5,5,10.0,1,0,0.0,-5.1,-5.1,-5.100000000000005,0.0,0.0,3.0,1,{'sl': 1},MA 각도 가속
angle_accel,3.0,5.0,20,5,5,20.0,0,0,0.0,0.0,0.0,0.0,0.0,0.0,0.0,0,{},MA 각도 가속
angle_accel,3.0,5.0,20,5,5,1.0,150,78,0.52,-0.94,-141.0,-78.54312227933411,0.6160130718954248,-82.93614581951475,1.42,43,"{'sl': 72, 'tp': 78}",MA 각도 가속
angle_accel,3.0,5.0,20,5,10,3.0,10,6,0.6,-0.2999999999999999,-2.9999999999999987,-3.7153406385041388,0.8529411764705882,-16.539645612417118,2.1,3,"{'tp': 6, 'sl': 4}",MA 각도 가속
angle_accel,3.0,5.0,20,5,10,10.0,1,0,0.0,-5.1,-5.1,-5.100000000000005,0.0,0.0,3.0,1,{'sl': 1},MA 각도 가속
angle_accel,3.0,5.0,20,5,10,5.0,5,2,0.4,-1.9,-9.5,-9.503999299449116,0.3790849673202615,-14.532965100000006,2.4,2,"{'tp': 2, 'sl': 3}",MA 각도 가속
angle_accel,3.0,5.0,20,5,10,2.0,40,21,0.525,-0.8999999999999998,-35.99999999999999,-32.58121739192424,0.628482972136223,-42.122454053016625,1.8,14,"{'tp': 21, 'sl': 19}",MA 각도 가속
angle_accel,3.0,5.0,20,5,10,20.0,0,0,0.0,0.0,0.0,0.0,0.0,0.0,0.0,0,{},MA 각도 가속
angle_accel,3.0,5.0,20,10,3,2.0,5,2,0.4,-1.9,-9.5,-9.503999299449116,0.3790849673202615,-14.532965100000006,2.6,2,"{'tp': 2, 'sl': 3}",MA 각도 가속
angle_accel,3.0,5.0,20,10,3,3.0,3,1,0.3333333333333333,-2.433333333333333,-7.299999999999999,-7.328157100000022,0.28431372549019607,-9.939900000000012,2.3333333333333335,2,"{'tp': 1, 'sl': 2}",MA 각도 가속
angle_accel,3.0,5.0,20,10,3,1.0,11,6,0.5454545454545454,-0.7363636363636362,-8.099999999999998,-8.625858265940433,0.6823529411764705,-20.796123686183844,1.9090909090909092,4,"{'tp': 6, 'sl': 5}",MA 각도 가속
angle_accel,3.0,5.0,20,10,3,10.0,0,0,0.0,0.0,0.0,0.0,0.0,0.0,0.0,0,{},MA 각도 가속
angle_accel,3.0,5.0,20,10,3,5.0,0,0,0.0,0.0,0.0,0.0,0.0,0.0,0.0,0,{},MA 각도 가속
angle_accel,3.0,5.0,20,10,3,20.0,0,0,0.0,0.0,0.0,0.0,0.0,0.0,0.0,0,{},MA 각도 가속
angle_accel,3.0,5.0,20,10,5,2.0,8,4,0.5,-1.0999999999999999,-8.799999999999999,-9.065988791994407,0.5686274509803921,-16.539645612417132,2.0,2,"{'tp': 4, 'sl': 4}",MA 각도 가속
angle_accel,3.0,5.0,20,10,5,3.0,6,3,0.5,-1.0999999999999999,-6.6,-6.879615279133144,0.5686274509803921,-14.532965100000006,1.8333333333333333,2,"{'tp': 3, 'sl': 3}",MA 각도 가속
angle_accel,3.0,5.0,20,5,10,1.0,434,233,0.5368663594470046,-0.8050691244239631,-349.4,-97.89481136137132,0.6591552043703051,-98.05922379774944,1.5921658986175116,65,"{'sl': 201, 'tp': 233}",MA 각도 가속
angle_accel,3.0,5.0,20,10,5,10.0,0,0,0.0,0.0,0.0,0.0,0.0,0.0,0.0,0,{},MA 각도 가속
angle_accel,3.0,5.0,20,10,5,1.0,51,28,0.5490196078431373,-0.707843137254902,-36.1,-33.20355040993116,0.6922421142369996,-35.39873199881085,1.7058823529411764,18,"{'tp': 28, 'sl': 23}",MA 각도 가속
angle_accel,3.0,5.0,20,10,5,5.0,3,0,0.0,-5.1,-15.299999999999999,-14.532965100000016,0.0,-9.939900000000012,1.6666666666666667,2,{'sl': 3},MA 각도 가속
angle_accel,3.0,5.0,20,10,5,20.0,0,0,0.0,0.0,0.0,0.0,0.0,0.0,0.0,0,{},MA 각도 가속
angle_accel,3.0,5.0,20,10,10,5.0,6,2,0.3333333333333333,-2.433333333333333,-14.6,-14.11929533517724,0.28431372549019607,-18.891783879900025,1.6666666666666667,2,"{'tp': 2, 'sl': 4}",MA 각도 가속
angle_accel,3.0,5.0,20,10,10,10.0,0,0,0.0,0.0,0.0,0.0,0.0,0.0,0.0,0,{},MA 각도 가속
angle_accel,3.0,5.0,20,10,10,2.0,27,16,0.5925925925925926,-0.35925925925925917,-9.699999999999998,-11.166999205934669,0.8270944741532976,-28.668909787900887,1.9259259259259258,8,"{'tp': 16, 'sl': 11}",MA 각도 가속
angle_accel,3.0,5.0,20,10,10,3.0,11,5,0.45454545454545453,-1.4636363636363634,-16.099999999999998,-15.729775990648665,0.4738562091503268,-20.796123686183844,1.8181818181818181,3,"{'sl': 6, 'tp': 5}",MA 각도 가속
angle_accel,3.0,5.0,20,10,10,20.0,0,0,0.0,0.0,0.0,0.0,0.0,0.0,0.0,0,{},MA 각도 가속
angle_accel,3.0,5.0,30,3,3,2.0,5,4,0.8,1.3,6.5,6.396590585366857,2.2745098039215685,-5.100000000000005,2.6,2,"{'tp': 4, 'sl': 1}",MA 각도 가속
angle_accel,3.0,5.0,30,3,3,3.0,2,1,0.5,-1.0999999999999999,-2.1999999999999997,-2.347900000000014,0.5686274509803921,0.0,3.5,1,"{'sl': 1, 'tp': 1}",MA 각도 가속
angle_accel,3.0,5.0,30,3,3,5.0,2,1,0.5,-1.0999999999999999,-2.1999999999999997,-2.347900000000014,0.5686274509803921,0.0,3.0,1,"{'sl': 1, 'tp': 1}",MA 각도 가속
angle_accel,3.0,5.0,30,3,3,10.0,0,0,0.0,0.0,0.0,0.0,0.0,0.0,0.0,0,{},MA 각도 가속
angle_accel,3.0,5.0,20,10,10,1.0,309,177,0.5728155339805825,-0.5039825242718445,-155.73059999999995,-83.58145401450501,0.7672294809833807,-88.75379812454294,1.5792880258899675,53,"{'tp': 177, 'sl': 131, 'end': 1}",MA 각도 가속
angle_accel,3.0,5.0,30,3,3,1.0,28,13,0.4642857142857143,-1.3857142857142857,-38.8,-33.87083205609822,0.4928104575163399,-41.016361489130325,1.7857142857142858,16,"{'tp': 13, 'sl': 15}",MA 각도 가속
angle_accel,3.0,5.0,30,3,5,2.0,7,6,0.8571428571428571,1.7571428571428573,12.3,12.657072372000421,3.411764705882353,-5.100000000000005,2.2857142857142856,2,"{'tp': 6, 'sl': 1}",MA 각도 가속
angle_accel,3.0,5.0,30,3,3,20.0,0,0,0.0,0.0,0.0,0.0,0.0,0.0,0.0,0,{},MA 각도 가속
angle_accel,3.0,5.0,30,3,5,5.0,2,1,0.5,-1.0999999999999999,-2.1999999999999997,-2.347900000000014,0.5686274509803921,0.0,4.0,1,"{'sl': 1, 'tp': 1}",MA 각도 가속
angle_accel,3.0,5.0,30,3,5,1.0,61,33,0.5409836065573771,-0.7721311475409836,-47.099999999999994,-40.6854397261913,0.6701680672268908,-51.442793723826995,1.4918032786885247,23,"{'tp': 33, 'sl': 28}",MA 각도 가속
angle_accel,3.0,5.0,30,3,5,20.0,0,0,0.0,0.0,0.0,0.0,0.0,0.0,0.0,0,{},MA 각도 가속
angle_accel,3.0,5.0,30,3,5,3.0,6,5,0.8333333333333334,1.5666666666666667,9.4,9.482091712342488,2.843137254901961,-5.100000000000005,1.8333333333333333,2,"{'tp': 5, 'sl': 1}",MA 각도 가속
angle_accel,3.0,5.0,30,3,5,10.0,0,0,0.0,0.0,0.0,0.0,0.0,0.0,0.0,0,{},MA 각도 가속
angle_accel,3.0,5.0,30,3,10,3.0,7,5,0.7142857142857143,0.6142857142857142,4.3,3.8985050350130335,1.4215686274509804,-9.939900000000012,2.0,2,"{'tp': 5, 'sl': 2}",MA 각도 가속
angle_accel,3.0,5.0,30,3,10,2.0,17,10,0.5882352941176471,-0.39411764705882346,-6.699999999999998,-7.739196063885522,0.8123249299719887,-14.11929533517723,1.6470588235294117,5,"{'tp': 10, 'sl': 7}",MA 각도 가속
angle_accel,3.0,5.0,30,3,10,5.0,4,2,0.5,-1.0999999999999996,-4.399999999999999,-4.640673655900029,0.5686274509803921,-9.939900000000012,2.5,2,"{'tp': 2, 'sl': 2}",MA 각도 가속
angle_accel,3.0,5.0,30,3,10,10.0,0,0,0.0,0.0,0.0,0.0,0.0,0.0,0.0,0,{},MA 각도 가속
angle_accel,3.0,5.0,30,3,10,20.0,0,0,0.0,0.0,0.0,0.0,0.0,0.0,0.0,0,{},MA 각도 가속
angle_accel,3.0,5.0,30,5,3,1.0,8,6,0.75,0.9,7.2,6.9115616810284,1.7058823529411764,-9.939900000000012,2.125,3,"{'tp': 6, 'sl': 2}",MA 각도 가속
angle_accel,3.0,5.0,30,5,3,2.0,5,4,0.8,1.3,6.5,6.396590585366857,2.2745098039215685,-5.100000000000005,2.2,2,"{'tp': 4, 'sl': 1}",MA 각도 가속
angle_accel,3.0,5.0,30,5,3,3.0,2,1,0.5,-1.0999999999999999,-2.1999999999999997,-2.347900000000014,0.5686274509803921,0.0,3.0,1,"{'sl': 1, 'tp': 1}",MA 각도 가속
angle_accel,3.0,5.0,30,5,3,5.0,0,0,0.0,0.0,0.0,0.0,0.0,0.0,0.0,0,{},MA 각도 가속
angle_accel,3.0,5.0,30,3,10,1.0,147,71,0.48299319727891155,-1.2360544217687073,-181.69999999999996,-85.75298922996375,0.5312177502579978,-88.50456941208078,1.6054421768707483,40,"{'tp': 71, 'sl': 76}",MA 각도 가속
angle_accel,3.0,5.0,30,5,3,10.0,0,0,0.0,0.0,0.0,0.0,0.0,0.0,0.0,0,{},MA 각도 가속
angle_accel,3.0,5.0,30,5,3,20.0,0,0,0.0,0.0,0.0,0.0,0.0,0.0,0.0,0,{},MA 각도 가속
angle_accel,3.0,5.0,30,5,5,2.0,7,5,0.7142857142857143,0.6142857142857142,4.3,3.8985050350130335,1.4215686274509804,-9.939900000000012,2.2857142857142856,2,"{'tp': 5, 'sl': 2}",MA 각도 가속
angle_accel,3.0,5.0,30,5,5,5.0,1,0,0.0,-5.1,-5.1,-5.100000000000005,0.0,0.0,4.0,1,{'sl': 1},MA 각도 가속
angle_accel,3.0,5.0,30,5,5,3.0,5,4,0.8,1.3,6.5,6.396590585366857,2.2745098039215685,-5.100000000000005,2.4,2,"{'tp': 4, 'sl': 1}",MA 각도 가속
angle_accel,3.0,5.0,30,5,5,10.0,0,0,0.0,0.0,0.0,0.0,0.0,0.0,0.0,0,{},MA 각도 가속
angle_accel,3.0,5.0,30,5,5,20.0,0,0,0.0,0.0,0.0,0.0,0.0,0.0,0.0,0,{},MA 각도 가속
angle_accel,3.0,5.0,30,5,5,1.0,41,23,0.5609756097560976,-0.6121951219512195,-25.1,-24.777901796082702,0.7265795206971678,-40.73087424952113,1.6341463414634145,19,"{'tp': 23, 'sl': 18}",MA 각도 가속
angle_accel,3.0,5.0,30,5,10,3.0,7,3,0.42857142857142855,-1.6714285714285713,-11.7,-11.628754899897354,0.4264705882352941,-16.539645612417107,2.2857142857142856,2,"{'tp': 3, 'sl': 4}",MA 각도 가속
angle_accel,3.0,5.0,30,5,10,5.0,3,1,0.3333333333333333,-2.433333333333333,-7.299999999999999,-7.328157100000022,0.28431372549019607,-9.939900000000012,2.0,2,"{'tp': 1, 'sl': 2}",MA 각도 가속
angle_accel,3.0,5.0,30,5,10,2.0,15,7,0.4666666666666667,-1.366666666666667,-20.500000000000004,-19.64048207601857,0.4975490196078431,-18.891783879900014,1.7333333333333334,4,"{'sl': 8, 'tp': 7}",MA 각도 가속
angle_accel,3.0,5.0,30,5,10,20.0,0,0,0.0,0.0,0.0,0.0,0.0,0.0,0.0,0,{},MA 각도 가속
angle_accel,3.0,5.0,30,5,10,10.0,0,0,0.0,0.0,0.0,0.0,0.0,0.0,0.0,0,{},MA 각도 가속
angle_accel,3.0,5.0,30,5,10,1.0,130,66,0.5076923076923077,-1.038461538461538,-134.99999999999994,-76.85525876174376,0.5863970588235293,-81.15130237566002,1.5307692307692307,33,"{'tp': 66, 'sl': 64}",MA 각도 가속
angle_accel,3.0,5.0,30,10,3,3.0,0,0,0.0,0.0,0.0,0.0,0.0,0.0,0.0,0,{},MA 각도 가속
angle_accel,3.0,5.0,30,10,3,1.0,7,4,0.5714285714285714,-0.5285714285714286,-3.6999999999999997,-4.179124122228028,0.758169934640523,-14.532965100000016,2.142857142857143,2,"{'tp': 4, 'sl': 3}",MA 각도 가속
angle_accel,3.0,5.0,30,10,3,10.0,0,0,0.0,0.0,0.0,0.0,0.0,0.0,0.0,0,{},MA 각도 가속
angle_accel,3.0,5.0,30,10,3,2.0,3,1,0.3333333333333333,-2.433333333333333,-7.299999999999999,-7.328157100000022,0.28431372549019607,-9.939900000000012,2.6666666666666665,2,"{'tp': 1, 'sl': 2}",MA 각도 가속
angle_accel,3.0,5.0,30,10,3,5.0,0,0,0.0,0.0,0.0,0.0,0.0,0.0,0.0,0,{},MA 각도 가속
angle_accel,3.0,5.0,30,10,3,20.0,0,0,0.0,0.0,0.0,0.0,0.0,0.0,0.0,0,{},MA 각도 가속
angle_accel,3.0,5.0,30,10,5,1.0,12,7,0.5833333333333334,-0.4333333333333332,-5.199999999999998,-5.9760081556527345,0.7960784313725489,-12.054421087900014,2.0,3,"{'tp': 7, 'sl': 5}",MA 각도 가속
angle_accel,3.0,5.0,30,10,5,5.0,0,0,0.0,0.0,0.0,0.0,0.0,0.0,0.0,0,{},MA 각도 가속
angle_accel,3.0,5.0,30,10,5,3.0,4,1,0.25,-3.0999999999999996,-12.399999999999999,-12.054421087900025,0.18954248366013074,-14.532965100000016,1.5,2,"{'tp': 1, 'sl': 3}",MA 각도 가속
angle_accel,3.0,5.0,30,10,5,10.0,0,0,0.0,0.0,0.0,0.0,0.0,0.0,0.0,0,{},MA 각도 가속
angle_accel,3.0,5.0,30,10,5,2.0,7,4,0.5714285714285714,-0.5285714285714286,-3.6999999999999997,-4.179124122228018,0.758169934640523,-14.532965100000006,1.8571428571428572,2,"{'tp': 4, 'sl': 3}",MA 각도 가속
angle_accel,3.0,5.0,30,10,5,20.0,0,0,0.0,0.0,0.0,0.0,0.0,0.0,0.0,0,{},MA 각도 가속
angle_accel,3.0,5.0,30,10,10,2.0,12,6,0.5,-1.0999999999999994,-13.199999999999994,-13.285939494377486,0.5686274509803921,-16.539645612417118,1.5833333333333333,3,"{'sl': 6, 'tp': 6}",MA 각도 가속
angle_accel,3.0,5.0,30,10,10,5.0,5,1,0.2,-3.5,-17.5,-16.539645612417118,0.14215686274509803,-14.532965100000016,1.2,2,"{'sl': 4, 'tp': 1}",MA 각도 가속
angle_accel,3.0,5.0,30,10,10,3.0,6,2,0.3333333333333333,-2.433333333333333,-14.6,-14.11929533517724,0.28431372549019607,-18.891783879900025,1.6666666666666667,2,"{'tp': 2, 'sl': 4}",MA 각도 가속
angle_accel,3.0,5.0,30,10,10,10.0,0,0,0.0,0.0,0.0,0.0,0.0,0.0,0.0,0,{},MA 각도 가속
angle_accel,3.0,5.0,30,10,10,20.0,0,0,0.0,0.0,0.0,0.0,0.0,0.0,0.0,0,{},MA 각도 가속
angle_accel,3.0,5.0,30,10,10,1.0,93,51,0.5483870967741935,-0.7129032258064514,-66.29999999999998,-52.316839328904244,0.6904761904761906,-60.04147695657761,1.6774193548387097,27,"{'tp': 51, 'sl': 42}",MA 각도 가속
