ind_A,params_A,ind_B,params_B,tp_pct,sl_pct,n_trades,n_win,win_rate,avg_return,total_return,cum_return,profit_factor,max_drawdown,avg_holding_bars,tickers_hit,n_months,monthly_freq
cci,"{'period': 10, 'threshold': 80}",hma_turn,{'n': 21},3.0,3.0,622,278,0.44694533762057875,-0.41832797427652724,-260.19999999999993,-94.41718175127176,0.7560015003750934,-95.29296470234272,3.1463022508038585,98,73,8.52
cci,"{'period': 10, 'threshold': 80}",hma_turn,{'n': 9},3.0,3.0,4971,2504,0.5037215851941259,-0.07713285053309195,-383.4274000000001,-99.76949770049805,0.9497633076220814,-99.84754730853187,3.343190504928586,100,73,68.1
cci,"{'period': 10, 'threshold': 80}",hma_turn,{'n': 15},3.0,3.0,1591,801,0.5034569453174105,-0.08061275927089885,-128.25490000000008,-86.46969419726635,0.9476296855859527,-89.9720252907863,3.2991829038340668,98,73,21.79
cci,"{'period': 10, 'threshold': 80}",hma_turn,{'n': 34},3.0,3.0,329,156,0.47416413373860183,-0.26156504559270516,-86.0549,-63.55646889292236,0.8395396233451422,-74.12805613874907,2.8480243161094223,93,73,4.51
cci,"{'period': 10, 'threshold': 80}",hma_turn,{'n': 55},3.0,3.0,133,72,0.5413533834586466,0.14812030075187965,19.699999999999992,14.724819477058592,1.1041776837652033,-20.051101600562816,3.1278195488721803,69,73,1.82
cci,"{'period': 10, 'threshold': 100}",hma_turn,{'n': 9},3.0,3.0,2531,1285,0.5077044646384828,-0.0541259976293955,-136.99290000000002,-91.87055792249026,0.9644896814626732,-93.193174917145,3.301066772026867,99,73,34.67
cci,"{'period': 10, 'threshold': 100}",hma_turn,{'n': 15},3.0,3.0,817,412,0.5042839657282742,-0.07429620563035497,-60.7,-62.30670463086183,0.9516527279968133,-81.50180800167213,3.1187270501835984,98,73,11.19
cci,"{'period': 10, 'threshold': 100}",hma_turn,{'n': 21},3.0,3.0,376,174,0.4627659574468085,-0.323404255319149,-121.60000000000004,-75.01506793492761,0.8058128393484502,-77.5750503119329,3.0930851063829787,96,73,5.15
cci,"{'period': 10, 'threshold': 100}",hma_turn,{'n': 55},3.0,3.0,88,48,0.5454545454545454,0.17272727272727267,15.199999999999996,11.91519883211134,1.1225806451612903,-17.216713807240247,3.352272727272727,55,73,1.21
cci,"{'period': 10, 'threshold': 150}",hma_turn,{'n': 15},3.0,3.0,128,54,0.421875,-0.5687500000000001,-72.80000000000001,-54.46034470942966,0.6826503923278117,-70.24136046907259,3.125,68,73,1.75
cci,"{'period': 10, 'threshold': 150}",hma_turn,{'n': 9},3.0,3.0,252,122,0.48412698412698413,-0.20653690476190487,-52.04730000000003,-46.96285037267636,0.8708503722084362,-70.6832566707964,3.5793650793650795,85,73,3.45
cci,"{'period': 10, 'threshold': 150}",hma_turn,{'n': 21},3.0,3.0,73,27,0.3698630136986301,-0.8808219178082193,-64.30000000000001,-49.171316310800876,0.5490883590462835,-52.80389796444596,2.767123287671233,51,73,1.0
cci,"{'period': 10, 'threshold': 100}",hma_turn,{'n': 34},3.0,3.0,228,110,0.4824561403508772,-0.20526315789473693,-46.80000000000002,-43.51971027200955,0.8720612356478938,-56.69190252981697,2.824561403508772,84,73,3.12
cci,"{'period': 10, 'threshold': 150}",hma_turn,{'n': 34},3.0,3.0,57,25,0.43859649122807015,-0.46842105263157907,-26.700000000000006,-25.398899406718257,0.7308467741935484,-35.86738871650408,2.2280701754385963,43,73,0.78
cci,"{'period': 10, 'threshold': 200}",hma_turn,{'n': 9},3.0,3.0,24,12,0.5,-0.10000000000000013,-2.400000000000003,-3.4238647964791924,0.9354838709677418,-17.695995573209277,2.9166666666666665,21,73,0.33
cci,"{'period': 10, 'threshold': 150}",hma_turn,{'n': 55},3.0,3.0,25,11,0.44,-0.46000000000000013,-11.500000000000004,-11.874417408325488,0.7350230414746541,-14.358034410423205,2.56,21,73,0.34
cci,"{'period': 10, 'threshold': 200}",hma_turn,{'n': 15},3.0,3.0,18,9,0.5,-0.10000000000000006,-1.8000000000000012,-2.579048644770643,0.9354838709677418,-17.695995573209277,3.1666666666666665,16,73,0.25
cci,"{'period': 10, 'threshold': 200}",hma_turn,{'n': 21},3.0,3.0,8,2,0.25,-1.6,-12.8,-12.345662464372086,0.31182795698924726,-14.568332102415116,2.625,7,73,0.11
cci,"{'period': 10, 'threshold': 200}",hma_turn,{'n': 34},3.0,3.0,14,9,0.6428571428571429,0.7571428571428572,10.600000000000001,10.498722764472612,1.6838709677419355,-9.278445545289104,2.142857142857143,12,73,0.19
cci,"{'period': 14, 'threshold': 80}",hma_turn,{'n': 15},3.0,3.0,2549,1307,0.5127500980776776,-0.02434480188309142,-62.054900000000025,-82.94567758761073,0.9838826814191466,-87.51953168015592,3.442134170262848,98,73,34.92
cci,"{'period': 14, 'threshold': 80}",hma_turn,{'n': 21},3.0,3.0,710,329,0.46338028169014084,-0.31971830985915495,-227.00000000000003,-92.51800604149525,0.8078062822792307,-92.89264022470836,3.3366197183098594,98,73,9.73
cci,"{'period': 10, 'threshold': 200}",hma_turn,{'n': 55},3.0,3.0,6,5,0.8333333333333334,1.9000000000000001,11.4,11.7894066061748,4.67741935483871,-3.1000000000000028,3.1666666666666665,6,73,0.08
cci,"{'period': 14, 'threshold': 80}",hma_turn,{'n': 9},3.0,3.0,4474,2324,0.5194456861868574,0.016535225748770647,73.97859999999987,-71.93108780434213,1.0111148683890085,-95.21616661929993,3.424899418864551,99,73,61.29
cci,"{'period': 14, 'threshold': 80}",hma_turn,{'n': 55},3.0,3.0,126,67,0.5317460317460317,0.09047619047619049,11.400000000000002,5.909021377033086,1.0623291416074356,-22.113022581242546,2.9682539682539684,71,73,1.73
cci,"{'period': 14, 'threshold': 80}",hma_turn,{'n': 34},3.0,3.0,271,131,0.4833948339483395,-0.20758265682656837,-56.25490000000003,-49.58596732753131,0.8703804147465436,-51.97103437721382,2.7785977859778597,89,73,3.71
cci,"{'period': 14, 'threshold': 100}",hma_turn,{'n': 15},3.0,3.0,985,505,0.5126903553299492,-0.023857868020304585,-23.500000000000018,-49.28023421341751,0.9842069892473112,-69.09514521967427,3.182741116751269,98,73,13.49
cci,"{'period': 14, 'threshold': 100}",hma_turn,{'n': 9},3.0,3.0,3763,1931,0.513154398086633,-0.021218681902737242,-79.84590000000024,-91.72034873284689,0.9859231386824504,-97.93654437204304,3.427850119585437,100,73,51.55
cci,"{'period': 14, 'threshold': 100}",hma_turn,{'n': 55},3.0,3.0,78,40,0.5128205128205128,-0.02307692307692305,-1.799999999999998,-5.1759460626428115,0.9847198641765708,-19.11725595289866,2.730769230769231,54,73,1.07
cci,"{'period': 14, 'threshold': 100}",hma_turn,{'n': 34},3.0,3.0,171,74,0.4327485380116959,-0.5035087719298246,-86.10000000000001,-60.902939498845065,0.7136681077485862,-65.81388280706726,2.5497076023391814,77,73,2.34
cci,"{'period': 14, 'threshold': 100}",hma_turn,{'n': 21},3.0,3.0,333,149,0.44744744744744747,-0.41531531531531535,-138.3,-78.44907989101706,0.7575385694249647,-78.07039010671755,2.876876876876877,96,73,4.56
cci,"{'period': 14, 'threshold': 150}",hma_turn,{'n': 9},3.0,3.0,391,187,0.4782608695652174,-0.2304347826086958,-90.10000000000005,-65.9806823088798,0.8575268817204292,-77.22691157323075,3.3810741687979537,95,73,5.36
cci,"{'period': 14, 'threshold': 150}",hma_turn,{'n': 15},3.0,3.0,96,35,0.3645833333333333,-0.9125000000000001,-87.60000000000001,-60.16282652721054,0.5367530407191963,-63.84302350999496,2.9583333333333335,60,73,1.32
cci,"{'period': 14, 'threshold': 150}",hma_turn,{'n': 21},3.0,3.0,56,17,0.30357142857142855,-1.2785714285714285,-71.6,-52.391042042915224,0.40777502067824656,-50.867948444700964,2.607142857142857,43,73,0.77
cci,"{'period': 14, 'threshold': 200}",hma_turn,{'n': 9},3.0,3.0,32,16,0.5,-0.10000000000000009,-3.200000000000003,-4.53890119380409,0.9354838709677419,-16.043602298552685,3.78125,28,73,0.44
cci,"{'period': 14, 'threshold': 200}",hma_turn,{'n': 15},3.0,3.0,13,5,0.38461538461538464,-0.7923076923076924,-10.3,-10.325886872545775,0.5846774193548387,-17.216713807240247,3.8461538461538463,12,73,0.18
cci,"{'period': 14, 'threshold': 150}",hma_turn,{'n': 55},3.0,3.0,27,13,0.48148148148148145,-0.21111111111111128,-5.700000000000005,-6.689020003048762,0.8686635944700458,-12.8531456487325,2.962962962962963,22,73,0.37
cci,"{'period': 14, 'threshold': 200}",hma_turn,{'n': 21},3.0,3.0,9,1,0.1111111111111111,-2.4333333333333336,-21.900000000000002,-20.015544774741755,0.11693548387096774,-19.782995679215798,2.3333333333333335,9,73,0.12
cci,"{'period': 14, 'threshold': 150}",hma_turn,{'n': 34},3.0,3.0,42,16,0.38095238095238093,-0.8142857142857144,-34.2,-30.32704995639961,0.575682382133995,-34.007542989282705,2.119047619047619,34,73,0.58
cci,"{'period': 14, 'threshold': 200}",hma_turn,{'n': 55},3.0,3.0,7,4,0.5714285714285714,0.32857142857142846,2.2999999999999994,2.0076705698158337,1.247311827956989,-9.014679100000011,2.7142857142857144,6,73,0.1
cci,"{'period': 14, 'threshold': 200}",hma_turn,{'n': 34},3.0,3.0,13,8,0.6153846153846154,0.5923076923076922,7.699999999999999,7.3845702278645176,1.4967741935483871,-9.278445545289127,2.1538461538461537,11,73,0.18
cci,"{'period': 20, 'threshold': 80}",hma_turn,{'n': 9},3.0,3.0,2978,1521,0.5107454667562122,-0.0351350906648758,-104.63230000000014,-90.80946622351499,0.9768055999090951,-97.79771356814464,3.418737407656145,100,73,40.79
cci,"{'period': 20, 'threshold': 80}",hma_turn,{'n': 55},3.0,3.0,98,46,0.46938775510204084,-0.2836734693877552,-27.800000000000004,-27.56580370306967,0.8275434243176182,-29.748817808658846,2.673469387755102,67,73,1.34
cci,"{'period': 20, 'threshold': 80}",hma_turn,{'n': 15},3.0,3.0,2923,1497,0.5121450564488539,-0.025672425590147156,-75.04050000000014,-87.34178798711244,0.9830084433027748,-90.58223924802056,3.6288060212110844,98,73,40.04
cci,"{'period': 20, 'threshold': 100}",hma_turn,{'n': 15},3.0,3.0,1970,1032,0.5238578680203045,0.04314720812182738,84.99999999999994,-3.5350311388034905,1.0292317215764488,-74.13335768923221,3.5786802030456855,98,73,26.99
cci,"{'period': 20, 'threshold': 100}",hma_turn,{'n': 9},3.0,3.0,2944,1529,0.5193614130434783,0.01615608016304342,47.56349999999982,-57.195952421008386,1.01085018815456,-82.65770322098214,3.516983695652174,98,73,40.33
cci,"{'period': 20, 'threshold': 80}",hma_turn,{'n': 34},3.0,3.0,266,128,0.48120300751879697,-0.21278195488721807,-56.60000000000001,-49.66741882844281,0.8676951846657313,-49.52108044064022,2.830827067669173,91,73,3.64
cci,"{'period': 20, 'threshold': 80}",hma_turn,{'n': 21},3.0,3.0,1271,629,0.4948859166011015,-0.130684500393391,-166.09999999999997,-89.30611296382108,0.9165410511506377,-89.57264468032723,3.4508261211644373,98,73,17.41
cci,"{'period': 20, 'threshold': 100}",hma_turn,{'n': 34},3.0,3.0,130,71,0.5461538461538461,0.17692307692307685,22.99999999999999,18.739291746565346,1.1257517769272827,-21.396750197180424,2.576923076923077,72,73,1.78
cci,"{'period': 20, 'threshold': 100}",hma_turn,{'n': 21},3.0,3.0,353,176,0.4985835694050991,-0.10849858356940512,-38.300000000000004,-41.86810289423942,0.9301986513577541,-52.326251477455266,3.121813031161473,94,73,4.84
cci,"{'period': 20, 'threshold': 100}",hma_turn,{'n': 55},3.0,3.0,56,33,0.5892857142857143,0.4357142857142858,24.400000000000002,24.495667860689352,1.3422159887798037,-7.992841838170827,2.6785714285714284,42,73,0.77
cci,"{'period': 20, 'threshold': 150}",hma_turn,{'n': 9},3.0,3.0,959,524,0.5464025026068822,0.17841501564129297,171.09999999999997,260.1632466717269,1.1268817204301067,-56.362161533484986,3.6850886339937436,98,73,13.14
cci,"{'period': 20, 'threshold': 150}",hma_turn,{'n': 21},3.0,3.0,29,12,0.41379310344827586,-0.6172413793103453,-17.900000000000013,-17.49339690460555,0.6603415559772295,-25.332527805541392,3.3793103448275863,24,73,0.4
cci,"{'period': 20, 'threshold': 150}",hma_turn,{'n': 55},3.0,3.0,13,7,0.5384615384615384,0.1307692307692307,1.6999999999999988,1.1230792524788091,1.0913978494623653,-6.376104793900006,4.3076923076923075,11,73,0.18
cci,"{'period': 20, 'threshold': 150}",hma_turn,{'n': 15},3.0,3.0,96,53,0.5520833333333334,0.2125,20.4,17.472787875138664,1.1530382595648916,-40.13061717702043,3.5729166666666665,65,73,1.32
cci,"{'period': 20, 'threshold': 150}",hma_turn,{'n': 34},3.0,3.0,28,12,0.42857142857142855,-0.5285714285714287,-14.800000000000002,-14.85386677461873,0.7016129032258064,-21.396750197180413,3.142857142857143,22,73,0.38
cci,"{'period': 20, 'threshold': 200}",hma_turn,{'n': 21},3.0,3.0,3,0,0.0,-3.1,-9.3,-9.014679100000011,0.0,-6.1039000000000065,3.6666666666666665,2,73,0.04
cci,"{'period': 20, 'threshold': 200}",hma_turn,{'n': 9},3.0,3.0,67,40,0.5970149253731343,0.48208955223880584,32.29999999999999,34.077829512266966,1.3859020310633217,-15.309179444832354,3.701492537313433,43,73,0.92
cci,"{'period': 20, 'threshold': 200}",hma_turn,{'n': 15},3.0,3.0,8,4,0.5,-0.10000000000000009,-0.8000000000000007,-1.154567217848479,0.9354838709677419,-3.380913100000016,3.25,7,73,0.11
cci,"{'period': 20, 'threshold': 200}",hma_turn,{'n': 55},3.0,3.0,1,0,0.0,-3.1,-3.1,-3.1000000000000028,0.0,0.0,9.0,1,73,0.01
cci,"{'period': 20, 'threshold': 200}",hma_turn,{'n': 34},3.0,3.0,4,2,0.5,-0.10000000000000009,-0.40000000000000036,-0.578959579900018,0.9354838709677419,-3.1000000000000028,3.75,4,73,0.05
cci,"{'period': 30, 'threshold': 80}",hma_turn,{'n': 9},3.0,3.0,2014,1016,0.5044687189672294,-0.07401966236345588,-149.07560000000012,-90.91336970334768,0.9517717810070123,-91.09220880557872,3.520357497517378,98,73,27.59
cci,"{'period': 30, 'threshold': 80}",hma_turn,{'n': 15},3.0,3.0,1834,961,0.5239912758996729,0.04326788440567063,79.35329999999993,-3.008742342400361,1.0293353463654236,-72.55880208083623,3.498909487459106,98,73,25.12
cci,"{'period': 30, 'threshold': 80}",hma_turn,{'n': 21},3.0,3.0,1595,811,0.5084639498432602,-0.0492163009404389,-78.50000000000004,-77.78173511331804,0.9677007899934161,-88.96168669501189,3.5529780564263325,98,73,21.85
cci,"{'period': 30, 'threshold': 80}",hma_turn,{'n': 55},3.0,3.0,85,45,0.5294117647058824,0.07647058823529404,6.499999999999993,2.7171465527795924,1.05241935483871,-20.939019074147257,3.635294117647059,55,73,1.16
cci,"{'period': 30, 'threshold': 80}",hma_turn,{'n': 34},3.0,3.0,422,196,0.46445497630331756,-0.3132701421800949,-132.20000000000005,-77.99167113880274,0.8113045960605189,-79.37661320882457,3.2109004739336493,95,73,5.78
cci,"{'period': 30, 'threshold': 100}",hma_turn,{'n': 9},3.0,3.0,1900,992,0.5221052631578947,0.03324615789473676,63.167699999999854,-19.859160906575855,1.0224859958440857,-90.50313717779987,3.584736842105263,98,73,26.03
cci,"{'period': 30, 'threshold': 100}",hma_turn,{'n': 55},3.0,3.0,46,24,0.5217391304347826,0.030434782608695633,1.399999999999999,-0.667334523492169,1.0205278592375366,-12.638625871869458,3.5217391304347827,36,73,0.63
cci,"{'period': 30, 'threshold': 100}",hma_turn,{'n': 34},3.0,3.0,104,46,0.4423076923076923,-0.4461538461538461,-46.4,-40.03659197808681,0.7419354838709679,-50.62576485376766,2.8365384615384617,66,73,1.42
cci,"{'period': 30, 'threshold': 100}",hma_turn,{'n': 15},3.0,3.0,1716,918,0.534965034965035,0.10979020979020977,188.39999999999998,204.57069787480145,1.0761581372786797,-65.76825026448054,3.723193473193473,98,73,23.51
cci,"{'period': 30, 'threshold': 100}",hma_turn,{'n': 21},3.0,3.0,1085,543,0.5004608294930876,-0.0972350230414747,-105.50000000000006,-78.66779947153346,0.9372098559695272,-86.01995608781982,3.823041474654378,98,73,14.86
cci,"{'period': 30, 'threshold': 150}",hma_turn,{'n': 9},3.0,3.0,1149,607,0.5282854656222803,0.06971279373368146,80.1,32.92897081957371,1.0476728960837993,-61.64635988509741,3.4899912967798086,98,73,15.74
cci,"{'period': 30, 'threshold': 150}",hma_turn,{'n': 21},3.0,3.0,35,16,0.45714285714285713,-0.3571428571428572,-12.500000000000002,-13.1444129165166,0.7877758913412563,-22.71974969941618,4.485714285714286,28,73,0.48
cci,"{'period': 30, 'threshold': 150}",hma_turn,{'n': 15},3.0,3.0,389,222,0.570694087403599,0.3241645244215938,126.1,196.67705872471993,1.2435773614062187,-27.07917788226375,3.930591259640103,97,73,5.33
cci,"{'period': 30, 'threshold': 150}",hma_turn,{'n': 34},3.0,3.0,8,0,0.0,-3.1,-24.8,-22.269722813160108,0.0,-19.782995679215798,2.375,8,73,0.11
cci,"{'period': 30, 'threshold': 150}",hma_turn,{'n': 55},3.0,3.0,8,1,0.125,-2.35,-18.8,-17.456702553913072,0.13364055299539168,-14.81599850765023,2.5,8,73,0.11
cci,"{'period': 30, 'threshold': 200}",hma_turn,{'n': 9},3.0,3.0,273,158,0.5787545787545788,0.3725274725274725,101.69999999999999,144.82940284404134,1.2852734922861142,-34.95857356988531,4.0256410256410255,94,73,3.74
cci,"{'period': 30, 'threshold': 200}",hma_turn,{'n': 15},3.0,3.0,12,7,0.5833333333333334,0.3999999999999999,4.799999999999999,4.358182923094778,1.3096774193548386,-3.380913100000027,2.0833333333333335,11,73,0.16
cci,"{'period': 30, 'threshold': 200}",hma_turn,{'n': 34},3.0,3.0,2,0,0.0,-3.1,-6.2,-6.1039000000000065,0.0,-3.1000000000000028,5.0,2,73,0.03
cci,"{'period': 30, 'threshold': 200}",hma_turn,{'n': 21},3.0,3.0,3,0,0.0,-3.1,-9.3,-9.014679100000011,0.0,-6.1039000000000065,3.6666666666666665,2,73,0.04
cci,"{'period': 30, 'threshold': 200}",hma_turn,{'n': 55},3.0,3.0,1,0,0.0,-3.1,-3.1,-3.1000000000000028,0.0,0.0,9.0,1,73,0.01
