indicator,tp_pct,sl_pct,window,div_window,min_gap,n_trades,n_win,win_rate,avg_return,total_return,cum_return,profit_factor,max_drawdown,avg_holding_bars,tickers_hit,exit_counts,label
div_obv,3.0,3.0,10,20,3,1405,715,0.5088967971530249,-0.04752718861209969,-66.77570000000006,-72.76377908344452,0.9687670516546152,-87.43015853555572,3.3444839857651245,98,"{'tp': 714, 'sl': 689, 'end': 2}",OBV 다이버전스
div_obv,3.0,3.0,10,20,2,2117,1084,0.512045347189419,-0.02721525743977329,-57.614700000000056,-78.32642599692223,0.9819893726898506,-94.22511469645617,3.2196504487482285,98,"{'tp': 1083, 'sl': 1031, 'end': 3}",OBV 다이버전스
div_obv,3.0,3.0,10,14,3,1398,712,0.5092989985693849,-0.04511852646638059,-63.07570000000007,-71.64656926040979,0.970325542708397,-87.39361261853689,3.3390557939914163,98,"{'tp': 711, 'sl': 685, 'end': 2}",OBV 다이버전스
div_obv,3.0,3.0,10,14,2,2110,1081,0.5123222748815166,-0.025551990521327058,-53.914700000000096,-77.4373918739175,0.9830804248385697,-94.0403660438144,3.2156398104265405,98,"{'tp': 1080, 'sl': 1027, 'end': 3}",OBV 다이버전스
div_obv,3.0,3.0,10,10,3,1371,700,0.5105762217359592,-0.037473158278628745,-51.37570000000001,-67.7325635987037,0.9752893214287597,-85.02813149613306,3.322392414296134,98,"{'tp': 699, 'sl': 670, 'end': 2}",OBV 다이버전스
div_obv,3.0,3.0,10,10,2,2083,1069,0.5132021123379741,-0.020266298607777282,-42.21470000000008,-74.32277139784827,0.9865559479087443,-92.96306976704342,3.2030724915986557,98,"{'tp': 1068, 'sl': 1012, 'end': 3}",OBV 다이버전스
div_obv,3.0,3.0,10,30,2,2119,1085,0.512033978291647,-0.027283954695611186,-57.8147000000001,-78.38925768795713,0.9819443490188088,-94.0576430226534,3.217555450684285,98,"{'tp': 1084, 'sl': 1032, 'end': 3}",OBV 다이버전스
div_obv,3.0,3.0,10,30,3,1407,716,0.5088841506751954,-0.04760177683013505,-66.97570000000002,-72.84273688788168,0.9687188622238491,-87.46659850596119,3.3411513859275055,98,"{'tp': 715, 'sl': 690, 'end': 2}",OBV 다이버전스
div_obv,3.0,3.0,20,10,3,937,471,0.5026680896478122,-0.08399146211312704,-78.70000000000003,-70.17904009892524,0.9455212515575238,-79.3253087749429,3.176093916755603,98,"{'tp': 471, 'sl': 466}",OBV 다이버전스
div_obv,3.0,3.0,20,14,2,1418,710,0.5007052186177715,-0.095768688293371,-135.80000000000007,-86.44341712812758,0.9381264807727349,-93.37654885406732,3.2045133991537376,98,"{'tp': 710, 'sl': 708}",OBV 다이버전스
div_obv,3.0,3.0,20,14,3,958,481,0.5020876826722338,-0.08747390396659711,-83.80000000000004,-71.93035539762558,0.9433285994454581,-81.21807333880643,3.1795407098121085,98,"{'tp': 481, 'sl': 477}",OBV 다이버전스
div_obv,3.0,3.0,20,20,2,1426,715,0.5014025245441796,-0.0915848527349229,-130.60000000000005,-85.77021172603884,0.940746790073045,-93.04763535617072,3.208976157082749,98,"{'tp': 715, 'sl': 711}",OBV 다이버전스
div_obv,3.0,3.0,20,10,2,1397,700,0.5010737294201861,-0.09355762347888336,-130.70000000000005,-85.59759769158222,0.9395103438700415,-92.54925342756401,3.2025769506084467,98,"{'tp': 700, 'sl': 697}",OBV 다이버전스
div_obv,3.0,3.0,20,20,3,966,486,0.5031055900621118,-0.08136645962732922,-78.60000000000002,-70.53644687660466,0.947177419354838,-80.42616046529956,3.186335403726708,98,"{'tp': 486, 'sl': 480}",OBV 다이버전스
div_obv,3.0,3.0,20,30,3,968,488,0.5041322314049587,-0.07520661157024798,-72.80000000000004,-68.80278194727097,0.9510752688172037,-79.27441617323827,3.1838842975206614,98,"{'tp': 488, 'sl': 480}",OBV 다이버전스
div_obv,3.0,3.0,20,30,2,1428,717,0.5021008403361344,-0.08739495798319331,-124.80000000000005,-84.9329167542107,0.9433782496256968,-92.63855126816316,3.2072829131652663,98,"{'tp': 717, 'sl': 711}",OBV 다이버전스
div_obv,3.0,3.0,30,10,2,1152,566,0.4913194444444444,-0.15208333333333338,-175.20000000000005,-89.70004167998175,0.9035560938016071,-93.11891112954113,3.2647569444444446,98,"{'tp': 566, 'sl': 586}",OBV 다이버전스
div_obv,3.0,3.0,30,10,3,772,380,0.49222797927461137,-0.14663212435233164,-113.20000000000002,-77.26143708677165,0.906846609611586,-86.54092219969849,3.2033678756476682,98,"{'tp': 380, 'sl': 392}",OBV 다이버전스
div_obv,3.0,3.0,30,14,3,798,388,0.48621553884711777,-0.18270676691729323,-145.8,-83.78511030526258,0.8852871754523991,-89.80803587516549,3.200501253132832,98,"{'tp': 388, 'sl': 410}",OBV 다이버전스
div_obv,3.0,3.0,30,14,2,1178,574,0.4872665534804754,-0.17640067911714774,-207.80000000000004,-92.65509044450967,0.8890194402905359,-94.77410598360319,3.261460101867572,98,"{'tp': 574, 'sl': 604}",OBV 다이버전스
div_obv,3.0,3.0,30,20,2,1186,578,0.4873524451939292,-0.17588532883642496,-208.6,-92.73989236241795,0.8893251273344648,-94.834442442756,3.261382799325464,98,"{'tp': 578, 'sl': 608}",OBV 다이버전스
div_obv,3.0,3.0,30,30,2,1187,579,0.4877843302443134,-0.17329401853411963,-205.7,-92.5293492409281,0.8908637521222407,-94.68464127359591,3.261162594776748,98,"{'tp': 579, 'sl': 608}",OBV 다이버전스
div_obv,3.0,3.0,30,20,3,806,392,0.48635235732009924,-0.1818858560794045,-146.60000000000002,-83.9723221060883,0.8857721676796004,-89.92570895180569,3.2009925558312653,98,"{'tp': 392, 'sl': 414}",OBV 다이버전스
div_obv,3.0,3.0,30,30,3,807,393,0.48698884758364314,-0.1780669144981413,-143.70000000000002,-83.50751944716487,0.8880317905563342,-89.63355451140805,3.200743494423792,98,"{'tp': 393, 'sl': 414}",OBV 다이버전스
